GDP growth,Inflation,Gini index,Predicted GDP growth,Predicted Inflation,Predicted Gini index
-0.1930318102188625,-1.378780271126029,-0.1071741807881566,0.0788506,0.48972955,-0.17616734
0.9797529926203732,0.5567370804615919,-0.0650072899862589,0.83608204,0.3852931,-0.06639402
0.2568046161466148,1.0172660559363758,1.6638352328915254,0.20163672,0.85814446,1.4287333
0.3094723832560785,-0.0518429599688844,0.9048311984573746,0.26790977,-0.053337544,0.78305006
1.2156077646761765,0.0930767600510916,0.9891649800611702,1.0391189,0.11505942,0.8334232
-2.081030763738692,0.0091132705609736,-0.9505119968261,-1.7475225,0.054915454,-0.80274206
0.2026273363964781,0.3329919193191797,-0.9083451060242022,0.18059862,0.28307253,-0.7908145
-1.985435199804674,0.2518669137017295,-0.3180086347976425,-1.7193309,0.19778374,-0.2724442
-0.8694819753243683,-0.105026324874296,-0.1915079623919492,-0.7422692,-0.047807362,-0.17557149
1.2156077646761765,0.0930767600510916,0.9891649800611702,1.0391189,0.11505942,0.8334232
1.2156077646761765,0.0930767600510916,0.9891649800611702,1.0391189,0.11505942,0.8334232
-2.081030763738692,0.0091132705609736,-0.9505119968261,-1.7475225,0.054915454,-0.80274206
0.2568046161466148,1.0172660559363758,1.6638352328915254,0.20163672,0.85814446,1.4287333
0.3094723832560785,-0.0518429599688844,0.9048311984573746,0.26790977,-0.053337544,0.78305006
-0.4207629164363726,2.95634767709298,1.4530007788820396,-0.35775396,2.512304,1.2556216
-0.1930318102188625,-1.378780271126029,-0.1071741807881566,-0.18224797,-1.1916887,-0.10950943
0.5786584910264272,-0.3485836582951384,0.6096629628440963,0.4959737,-0.2945939,0.5177609
0.2024393611413101,-1.303588717536631,-0.9926788876279976,0.17107435,-1.1310173,-0.8391658
0.3094723832560785,-0.0518429599688844,0.9048311984573746,0.26790977,-0.053337544,0.78305006
-1.9857334464928411,-0.484893412407306,-2.215518720883015,-1.7102764,-0.41326532,-1.8905549
0.7295589439744146,-0.8762567137464611,1.916836577702909,0.6214119,-0.7481993,1.6161811
0.239573742207419,-0.018715816854753,-0.6131768704109208,0.20103529,0.028135428,-0.4945115
-0.3325285307608697,0.3067432080459878,1.7903359052972156,-0.28684187,0.25312686,1.5370636
-0.3924403201656704,-1.5004103977846484,-0.2758417439957447,-0.3181399,-1.28073,-0.24602067
0.9797529926203732,0.5567370804615919,-0.0650072899862589,0.83608204,0.3852931,-0.06639402
-0.1930318102188625,-1.378780271126029,-0.1071741807881566,-0.18224797,-1.1916887,-0.10950943
-0.1443179207895172,0.1793802176413217,-0.3180086347976425,-0.108765334,0.13397394,-0.27937365
0.7295589439744146,-0.8762567137464611,1.916836577702909,0.6214119,-0.7481993,1.6161811
-2.081030763738692,0.0091132705609736,-0.9505119968261,-1.7475225,0.054915454,-0.80274206
0.9424333069675356,1.7336297650420915,-0.5288430888071284,0.8048347,1.4750845,-0.45145074
-2.145009612075477,-0.02212765832381034,-0.9492074443155583,0.04547809,0.055371385,-0.3800989
1.325394764457715,-0.5000077824441818,0.3144947272308149,1.1217326,-0.3856105,0.261466
0.2568046161466148,1.0172660559363758,1.6638352328915254,0.20163672,0.85814446,1.4287333
0.2024393611413101,-1.303588717536631,-0.9926788876279976,0.17107435,-1.1310173,-0.8391658
0.5830634787096943,0.3489756529280555,-0.5288430888071284,0.4959737,0.27149743,-0.4515925
-0.4207629164363726,2.95634767709298,1.4530007788820396,-0.35775396,2.512304,1.2556216
0.2568046161466148,1.0172660559363758,1.6638352328915254,0.20163672,0.85814446,1.4287333
-1.985435199804674,0.2518669137017295,-0.3180086347976425,-1.7193309,0.19778374,-0.2724442
-0.3562735761340631,-1.7501404600112933,-0.3601755255995402,-0.30782878,-1.469061,-0.293905
0.2026273363964781,0.3329919193191797,-0.9083451060242022,0.18059862,0.28307253,-0.7908145
-2.081030763738692,0.0091132705609736,-0.9505119968261,-1.7475225,0.054915454,-0.80274206
0.9424333069675356,1.7336297650420915,-0.5288430888071284,0.8048347,1.4750845,-0.45145074
1.2156077646761765,0.0930767600510916,0.9891649800611702,1.0391189,0.11505942,0.8334232
-1.9857334464928411,-0.484893412407306,-2.215518720883015,-1.7102764,-0.41326532,-1.8905549
0.7295589439744146,-0.8762567137464611,1.916836577702909,0.6214119,-0.7481993,1.6161811
0.2024393611413101,-1.303588717536631,-0.9926788876279976,0.17107435,-1.1310173,-0.8391658
-0.3924403201656704,-1.5004103977846484,-0.2758417439957447,-0.3181399,-1.28073,-0.24602067
0.2568046161466148,1.0172660559363758,1.6638352328915254,0.20163672,0.85814446,1.4287333
0.2026273363964781,0.3329919193191797,-0.9083451060242022,0.18059862,0.28307253,-0.7908145
-0.6463810425440487,0.1358291421737789,-0.9083451060242022,-0.55125815,0.11916904,-0.7908145
0.2024393611413101,-1.303588717536631,-0.9926788876279976,0.17107435,-1.1310173,-0.8391658
0.3046367276625589,-0.07908891430933189,0.9247880041749781,0.4732149,-0.21010889,0.78305006
-0.4207629164363726,2.95634767709298,1.4530007788820396,-0.35775396,2.512304,1.2556216
0.5830634787096943,0.3489756529280555,-0.5288430888071284,0.4959737,0.27149743,-0.4515925
0.2568046161466148,1.0172660559363758,1.6638352328915254,0.20163672,0.85814446,1.4287333
0.2026273363964781,0.3329919193191797,-0.9083451060242022,0.18059862,0.28307253,-0.7908145
0.9424333069675356,1.7336297650420915,-0.5288430888071284,0.8048347,1.4750845,-0.45145074
0.7295589439744146,-0.8762567137464611,1.916836577702909,0.6214119,-0.7481993,1.6161811
-0.3325285307608697,0.3067432080459878,1.7903359052972156,-0.28684187,0.25312686,1.5370636
-0.8694819753243683,-0.105026324874296,-0.1915079623919492,-0.7422692,-0.047807362,-0.17557149
0.7295589439744146,-0.8762567137464611,1.916836577702909,0.6214119,-0.7481993,1.6161811
0.9797529926203732,0.5567370804615919,-0.0650072899862589,0.83608204,0.3852931,-0.06639402
0.2568046161466148,1.0172660559363758,1.6638352328915254,0.20163672,0.85814446,1.4287333
-0.6463810425440487,0.1358291421737789,-0.9083451060242022,-0.55125815,0.11916904,-0.7908145
-2.081030763738692,0.0091132705609736,-0.9505119968261,-1.7475225,0.054915454,-0.80274206
0.2026273363964781,0.3329919193191797,-0.9083451060242022,0.18059862,0.28307253,-0.7908145
-0.3924403201656704,-1.5004103977846484,-0.2758417439957447,-0.3181399,-1.28073,-0.24602067
0.5786584910264272,-0.3485836582951384,0.6096629628440963,0.4959737,-0.2945939,0.5177609
0.3094723832560785,-0.0518429599688844,0.9048311984573746,0.26790977,-0.053337544,0.78305006
-0.3924403201656704,-1.5004103977846484,-0.2758417439957447,-0.3181399,-1.28073,-0.24602067
1.325394764457715,-0.5000077824441818,0.3144947272308149,1.1217326,-0.3856105,0.261466
0.7295589439744146,-0.8762567137464611,1.916836577702909,0.6214119,-0.7481993,1.6161811
0.2026273363964781,0.3329919193191797,-0.9083451060242022,0.18059862,0.28307253,-0.7908145
-1.9857334464928411,-0.484893412407306,-2.215518720883015,-1.7102764,-0.41326532,-1.8905549
-0.3325285307608697,0.3067432080459878,1.7903359052972156,-0.28684187,0.25312686,1.5370636
-0.8694819753243683,-0.105026324874296,-0.1915079623919492,-0.7422692,-0.047807362,-0.17557149
-0.3325285307608697,0.3067432080459878,1.7903359052972156,-0.28684187,0.25312686,1.5370636
0.7295589439744146,-0.8762567137464611,1.916836577702909,0.6214119,-0.7481993,1.6161811
1.2156077646761765,0.0930767600510916,0.9891649800611702,1.0391189,0.11505942,0.8334232
-2.081030763738692,0.0091132705609736,-0.9505119968261,-1.7475225,0.054915454,-0.80274206
-0.4207629164363726,2.95634767709298,1.4530007788820396,-0.35775396,2.512304,1.2556216
0.3094723832560785,-0.0518429599688844,0.9048311984573746,0.26790977,-0.053337544,0.78305006
0.2568046161466148,1.0172660559363758,1.6638352328915254,0.20163672,0.85814446,1.4287333
0.239573742207419,-0.018715816854753,-0.6131768704109208,0.20103529,0.028135428,-0.4945115
-0.3562735761340631,-1.7501404600112933,-0.3601755255995402,-0.30782878,-1.469061,-0.293905
1.2156077646761765,0.0930767600510916,0.9891649800611702,1.0391189,0.11505942,0.8334232
-1.9857334464928411,-0.484893412407306,-2.215518720883015,-1.7102764,-0.41326532,-1.8905549
1.8420303208297435,0.396288852094476,-0.3601755255995402,1.5681055,0.3230543,-0.30346623
-0.1443179207895172,0.1793802176413217,-0.3180086347976425,-0.108765334,0.13397394,-0.27937365
-0.1443179207895172,0.1793802176413217,-0.3180086347976425,-0.108765334,0.13397394,-0.27937365
-0.3562735761340631,-1.7501404600112933,-0.3601755255995402,-0.30782878,-1.469061,-0.293905
-0.8694819753243683,-0.105026324874296,-0.1915079623919492,-0.7422692,-0.047807362,-0.17557149
0.9424333069675356,1.7336297650420915,-0.5288430888071284,0.8048347,1.4750845,-0.45145074
0.7295589439744146,-0.8762567137464611,1.916836577702909,0.6214119,-0.7481993,1.6161811
1.325394764457715,-0.5000077824441818,0.3144947272308149,1.1217326,-0.3856105,0.261466
-0.1930318102188625,-1.378780271126029,-0.1071741807881566,-0.18224797,-1.1916887,-0.10950943
1.2156077646761765,0.0930767600510916,0.9891649800611702,1.0391189,0.11505942,0.8334232
0.3094723832560785,-0.0518429599688844,0.9048311984573746,0.26790977,-0.053337544,0.78305006
1.2156077646761765,0.0930767600510916,0.9891649800611702,1.0391189,0.11505942,0.8334232
-1.9857334464928411,-0.484893412407306,-2.215518720883015,-1.7102764,-0.41326532,-1.8905549
-0.3924403201656704,-1.5004103977846484,-0.2758417439957447,-0.3181399,-1.28073,-0.24602067
-0.8694819753243683,-0.105026324874296,-0.1915079623919492,-0.7422692,-0.047807362,-0.17557149
0.5786584910264272,-0.3485836582951384,0.6096629628440963,0.4959737,-0.2945939,0.5177609
-0.4207629164363726,2.95634767709298,1.4530007788820396,-0.35775396,2.512304,1.2556216
0.7295589439744146,-0.8762567137464611,1.916836577702909,0.6214119,-0.7481993,1.6161811
-2.081030763738692,0.0091132705609736,-0.9505119968261,-0.8539282,-0.5738904,-0.42535463
0.7295589439744146,-0.8762567137464611,1.916836577702909,0.6214119,-0.7481993,1.6161811
1.325394764457715,-0.5000077824441818,0.3144947272308149,1.1217326,-0.3856105,0.261466
-0.3940427227517292,-1.7807163501608907,-0.4305085804419513,-1.497924,0.3743753,-0.20951745
-0.6463810425440487,0.1358291421737789,-0.9083451060242022,-0.55125815,0.11916904,-0.7908145
1.2156077646761765,0.0930767600510916,0.9891649800611702,1.0391189,0.11505942,0.8334232
0.9424333069675356,1.7336297650420915,-0.5288430888071284,0.8048347,1.4750845,-0.45145074
1.8420303208297435,0.396288852094476,-0.3601755255995402,1.5681055,0.3230543,-0.30346623
-0.4207629164363726,2.95634767709298,1.4530007788820396,-0.35775396,2.512304,1.2556216
0.9424333069675356,1.7336297650420915,-0.5288430888071284,0.8048347,1.4750845,-0.45145074
0.2568046161466148,1.0172660559363758,1.6638352328915254,0.20163672,0.85814446,1.4287333
-1.985435199804674,0.2518669137017295,-0.3180086347976425,-1.7193309,0.19778374,-0.2724442
-0.1930318102188625,-1.378780271126029,-0.1071741807881566,-0.18224797,-1.1916887,-0.10950943
1.325394764457715,-0.5000077824441818,0.3144947272308149,1.1217326,-0.3856105,0.261466
0.5830634787096943,0.3489756529280555,-0.5288430888071284,0.4959737,0.27149743,-0.4515925
0.3094723832560785,-0.0518429599688844,0.9048311984573746,0.26790977,-0.053337544,0.78305006
-0.4207629164363726,2.95634767709298,1.4530007788820396,-0.35775396,2.512304,1.2556216
0.9424333069675356,1.7336297650420915,-0.5288430888071284,0.8048347,1.4750845,-0.45145074
1.2156077646761765,0.0930767600510916,0.9891649800611702,-0.030884475,0.5151669,1.3472484
0.2026273363964781,0.3329919193191797,-0.9083451060242022,0.18059862,0.28307253,-0.7908145
1.325394764457715,-0.5000077824441818,0.3144947272308149,1.1217326,-0.3856105,0.261466
-0.3325285307608697,0.3067432080459878,1.7903359052972156,-0.28684187,0.25312686,1.5370636
1.2156077646761765,0.0930767600510916,0.9891649800611702,1.0391189,0.11505942,0.8334232
-0.3325285307608697,0.3067432080459878,1.7903359052972156,-0.28684187,0.25312686,1.5370636
1.2156077646761765,0.0930767600510916,0.9891649800611702,1.0391189,0.11505942,0.8334232
0.2026273363964781,0.3329919193191797,-0.9083451060242022,0.18059862,0.28307253,-0.7908145
1.8420303208297435,0.396288852094476,-0.3601755255995402,1.5681055,0.3230543,-0.30346623
0.3094723832560785,-0.0518429599688844,0.9048311984573746,0.26790977,-0.053337544,0.78305006
-0.3562735761340631,-1.7501404600112933,-0.3601755255995402,-0.30782878,-1.469061,-0.293905
0.2026273363964781,0.3329919193191797,-0.9083451060242022,0.18059862,0.28307253,-0.7908145
-2.081030763738692,0.0091132705609736,-0.9505119968261,-1.7475225,0.054915454,-0.80274206
0.9424333069675356,1.7336297650420915,-0.5288430888071284,0.8048347,1.4750845,-0.45145074
0.7295589439744146,-0.8762567137464611,1.916836577702909,0.6214119,-0.7481993,1.6161811
-0.4207629164363726,2.95634767709298,1.4530007788820396,-0.35775396,2.512304,1.2556216
1.325394764457715,-0.5000077824441818,0.3144947272308149,1.1217326,-0.3856105,0.261466
0.9424333069675356,1.7336297650420915,-0.5288430888071284,0.8048347,1.4750845,-0.45145074
0.5786584910264272,-0.3485836582951384,0.6096629628440963,0.4959737,-0.2945939,0.5177609
0.5830634787096943,0.3489756529280555,-0.5288430888071284,0.4959737,0.27149743,-0.4515925
0.2568046161466148,1.0172660559363758,1.6638352328915254,0.20163672,0.85814446,1.4287333
1.2156077646761765,0.0930767600510916,0.9891649800611702,1.0391189,0.11505942,0.8334232
-1.985435199804674,0.2518669137017295,-0.3180086347976425,-1.7193309,0.19778374,-0.2724442
0.5786584910264272,-0.3485836582951384,0.6096629628440963,0.4959737,-0.2945939,0.5177609
-2.081030763738692,0.0091132705609736,-0.9505119968261,-1.7475225,0.054915454,-0.80274206
-0.8694819753243683,-0.105026324874296,-0.1915079623919492,-0.7422692,-0.047807362,-0.17557149
0.22158743161947686,0.9468429911181978,1.5860037742153301,0.19302219,0.85814446,1.3594563
0.26320361632807115,-0.005914330139059218,-0.5640423212136452,0.20103529,-0.005521622,-0.38867453
0.3094723832560785,-0.0518429599688844,0.9048311984573746,0.26790977,-0.053337544,0.78305006
-0.6463810425440487,0.1358291421737789,-0.9083451060242022,-0.55125815,0.11916904,-0.7908145
-0.8694819753243683,-0.105026324874296,-0.1915079623919492,-0.7422692,-0.047807362,-0.17557149
0.9424333069675356,1.7336297650420915,-0.5288430888071284,0.8048347,1.4750845,-0.45145074
-1.985435199804674,0.2518669137017295,-0.3180086347976425,-1.7193309,0.19778374,-0.2724442
1.2156077646761765,0.0930767600510916,0.9891649800611702,1.0391189,0.11505942,0.8334232
-0.1930318102188625,-1.378780271126029,-0.1071741807881566,-0.18224797,-1.1916887,-0.10950943
-1.985435199804674,0.2518669137017295,-0.3180086347976425,-0.71456724,0.48972955,-0.6877349
-0.1930318102188625,-1.378780271126029,-0.1071741807881566,-0.18224797,-1.1916887,-0.10950943
-0.3325285307608697,0.3067432080459878,1.7903359052972156,-0.28684187,0.25312686,1.5370636
0.2026273363964781,0.3329919193191797,-0.9083451060242022,0.18059862,0.28307253,-0.7908145
1.325394764457715,-0.5000077824441818,0.3144947272308149,1.1217326,-0.3856105,0.261466
0.2026273363964781,0.3329919193191797,-0.9083451060242022,0.18059862,0.28307253,-0.7908145
-0.3562735761340631,-1.7501404600112933,-0.3601755255995402,-0.30782878,-1.469061,-0.293905
-0.4207629164363726,2.95634767709298,1.4530007788820396,-0.35775396,2.512304,1.2556216
-0.4207629164363726,2.95634767709298,1.4530007788820396,-0.35775396,2.512304,1.2556216
0.5786584910264272,-0.3485836582951384,0.6096629628440963,0.4959737,-0.2945939,0.5177609
-0.8694819753243683,-0.105026324874296,-0.1915079623919492,-0.7422692,-0.047807362,-0.17557149
-0.3562735761340631,-1.7501404600112933,-0.3601755255995402,-0.30782878,-1.469061,-0.293905
1.325394764457715,-0.5000077824441818,0.3144947272308149,1.1217326,-0.3856105,0.261466
0.2026273363964781,0.3329919193191797,-0.9083451060242022,0.18059862,0.28307253,-0.7908145
-1.985435199804674,0.2518669137017295,-0.3180086347976425,-1.7193309,0.19778374,-0.2724442
1.2156077646761765,0.0930767600510916,0.9891649800611702,1.0391189,0.11505942,0.8334232
0.239573742207419,-0.018715816854753,-0.6131768704109208,0.20103529,0.028135428,-0.4945115
-0.8694819753243683,-0.105026324874296,-0.1915079623919492,-0.7422692,-0.047807362,-0.17557149
1.325394764457715,-0.5000077824441818,0.3144947272308149,1.1217326,-0.3856105,0.261466
0.2026273363964781,0.3329919193191797,-0.9083451060242022,0.18059862,0.28307253,-0.7908145
-0.3924403201656704,-1.5004103977846484,-0.2758417439957447,-0.3181399,-1.28073,-0.24602067
0.2026273363964781,0.3329919193191797,-0.9083451060242022,0.18059862,0.28307253,-0.7908145
0.5786584910264272,-0.3485836582951384,0.6096629628440963,0.4959737,-0.2945939,0.5177609
-1.985435199804674,0.2518669137017295,-0.3180086347976425,-1.7193309,0.19778374,-0.2724442
-1.985435199804674,0.2518669137017295,-0.3180086347976425,-1.7193309,0.19778374,-0.2724442
0.2024393611413101,-1.303588717536631,-0.9926788876279976,0.17107435,-1.1310173,-0.8391658
0.239573742207419,-0.018715816854753,-0.6131768704109208,0.20103529,0.028135428,-0.4945115
-0.1930318102188625,-1.378780271126029,-0.1071741807881566,-0.18224797,-1.1916887,-0.10950943
0.2024393611413101,-1.303588717536631,-0.9926788876279976,0.17107435,-1.1310173,-0.8391658
-0.3924403201656704,-1.5004103977846484,-0.2758417439957447,-0.3181399,-1.28073,-0.24602067
-0.6463810425440487,0.1358291421737789,-0.9083451060242022,-0.55125815,0.11916904,-0.7908145
0.5830634787096943,0.3489756529280555,-0.5288430888071284,0.4959737,0.27149743,-0.4515925
1.8420303208297435,0.396288852094476,-0.3601755255995402,1.5681055,0.3230543,-0.30346623
0.3094723832560785,-0.0518429599688844,0.9048311984573746,0.26790977,-0.053337544,0.78305006
-1.9857334464928411,-0.484893412407306,-2.215518720883015,-1.7102764,-0.41326532,-1.8905549
-0.6463810425440487,0.1358291421737789,-0.9083451060242022,-0.55125815,0.11916904,-0.7908145
-0.4207629164363726,2.95634767709298,1.4530007788820396,-0.35775396,2.512304,1.2556216
-0.3325285307608697,0.3067432080459878,1.7903359052972156,-0.28684187,0.25312686,1.5370636
0.2026273363964781,0.3329919193191797,-0.9083451060242022,0.18059862,0.28307253,-0.7908145
-0.1443179207895172,0.1793802176413217,-0.3180086347976425,-0.108765334,0.13397394,-0.27937365
0.239573742207419,-0.018715816854753,-0.6131768704109208,0.20103529,0.028135428,-0.4945115
0.7295589439744146,-0.8762567137464611,1.916836577702909,0.6214119,-0.7481993,1.6161811
0.5786584910264272,-0.3485836582951384,0.6096629628440963,0.4959737,-0.2945939,0.5177609
0.9797529926203732,0.5567370804615919,-0.0650072899862589,0.83608204,0.3852931,-0.06639402
-0.1930318102188625,-1.378780271126029,-0.1071741807881566,-0.18224797,-1.1916887,-0.10950943
0.9797529926203732,0.5567370804615919,-0.0650072899862589,0.83608204,0.3852931,-0.06639402
0.9797529926203732,0.5567370804615919,-0.0650072899862589,0.83608204,0.3852931,-0.06639402
-0.3562735761340631,-1.7501404600112933,-0.3601755255995402,-0.30782878,-1.469061,-0.293905
0.2024393611413101,-1.303588717536631,-0.9926788876279976,0.17107435,-1.1310173,-0.8391658
1.8420303208297435,0.396288852094476,-0.3601755255995402,1.5681055,0.3230543,-0.30346623
-0.1443179207895172,0.1793802176413217,-0.3180086347976425,-0.108765334,0.13397394,-0.27937365
-0.1443179207895172,0.1793802176413217,-0.3180086347976425,-0.108765334,0.13397394,-0.27937365
0.9424333069675356,1.7336297650420915,-0.5288430888071284,0.8048347,1.4750845,-0.45145074
1.2156077646761765,0.0930767600510916,0.9891649800611702,1.0391189,0.11505942,0.8334232
-0.1443179207895172,0.1793802176413217,-0.3180086347976425,-0.108765334,0.13397394,-0.27937365
0.2026273363964781,0.3329919193191797,-0.9083451060242022,0.18059862,0.28307253,-0.7908145
1.2156077646761765,0.0930767600510916,0.9891649800611702,1.0391189,0.11505942,0.8334232
0.9424333069675356,1.7336297650420915,-0.5288430888071284,0.8085611,1.4675325,-0.4488395
-0.3325285307608697,0.3067432080459878,1.7903359052972156,-0.23435655,0.26161733,1.5402602
0.239573742207419,-0.018715816854753,-0.6131768704109208,0.18681811,-0.002150035,-0.4985871
-2.081030763738692,0.0091132705609736,-0.9505119968261,-1.7589006,0.068810925,-0.80386
-1.985435199804674,0.2518669137017295,-0.3180086347976425,-1.7184402,0.18188712,-0.26904166
0.2568046161466148,1.0172660559363758,1.6638352328915254,0.1837202,0.86872256,1.431238
-0.8694819753243683,-0.105026324874296,-0.1915079623919492,-0.7389694,-0.08733498,-0.17231445
0.2026273363964781,0.3329919193191797,-0.9083451060242022,0.17249483,0.24760012,-0.78898376
-0.1930318102188625,-1.378780271126029,-0.1071741807881566,-0.18947923,-1.1677977,-0.10138954
-0.1443179207895172,0.1793802176413217,-0.3180086347976425,-0.13687111,0.16303767,-0.2758995
0.3094723832560785,-0.0518429599688844,0.9048311984573746,0.26612842,-0.041258648,0.7854163
-0.6463810425440487,0.1358291421737789,-0.9083451060242022,-0.5472861,0.09756712,-0.78898376
-1.9857334464928411,-0.484893412407306,-2.215518720883015,-1.695759,-0.4110754,-1.8863769
0.2568046161466148,1.0172660559363758,1.6638352328915254,0.1837202,0.86872256,1.431238
-1.985435199804674,0.2518669137017295,-0.3180086347976425,-1.7184402,0.18188712,-0.26904166
-0.8694819753243683,-0.105026324874296,-0.1915079623919492,-0.7389694,-0.08733498,-0.17231445
0.2024393611413101,-1.303588717536631,-0.9926788876279976,0.16838929,-1.1329796,-0.8304077
-0.6463810425440487,0.1358291421737789,-0.9083451060242022,-0.5472861,0.09756712,-0.78898376
-0.1443179207895172,0.1793802176413217,-0.3180086347976425,-0.13687111,0.16303767,-0.2758995
1.8420303208297435,0.396288852094476,-0.3601755255995402,1.5637043,0.36215776,-0.30099684
0.5830634787096943,0.3489756529280555,-0.5288430888071284,0.4986354,0.26437306,-0.45038462
0.5830634787096943,0.3489756529280555,-0.5288430888071284,0.4986354,0.26437306,-0.45038462
1.8420303208297435,0.396288852094476,-0.3601755255995402,1.5637043,0.36215776,-0.30099684
-0.3325285307608697,0.3067432080459878,1.7903359052972156,-0.23435655,0.26161733,1.5402602
0.5830634787096943,0.3489756529280555,-0.5288430888071284,0.4986354,0.26437306,-0.45038462
0.5786584910264272,-0.3485836582951384,0.6096629628440963,0.4986354,-0.2948322,0.52087307
-2.081030763738692,0.0091132705609736,-0.9505119968261,-1.7589006,0.068810925,-0.80386
-1.985435199804674,0.2518669137017295,-0.3180086347976425,-1.7184402,0.18188712,-0.26904166
0.9424333069675356,1.7336297650420915,-0.5288430888071284,0.8085611,1.4675325,-0.4488395
-0.4207629164363726,2.95634767709298,1.4530007788820396,-0.3302832,2.515278,1.2578939
-0.3924403201656704,-1.5004103977846484,-0.2758417439957447,-0.31439075,-1.2768703,-0.24815185
0.239573742207419,-0.018715816854753,-0.6131768704109208,0.09903543,0.115851834,-0.391385
-0.3325285307608697,0.3067432080459878,1.7903359052972156,-0.23435655,0.26161733,1.5402602
0.5786584910264272,-0.3485836582951384,0.6096629628440963,0.4986354,-0.2948322,0.52087307
0.9797529926203732,0.5567370804615919,-0.0650072899862589,0.83858865,0.4558502,-0.065449506
0.2024393611413101,-1.303588717536631,-0.9926788876279976,0.16838929,-1.1329796,-0.8304077
0.5786584910264272,-0.3485836582951384,0.6096629628440963,0.4986354,-0.2948322,0.52087307
0.2024393611413101,-1.303588717536631,-0.9926788876279976,0.16838929,-1.1329796,-0.8304077
0.5786584910264272,-0.3485836582951384,0.6096629628440963,0.4986354,-0.2948322,0.52087307
0.9797529926203732,0.5567370804615919,-0.0650072899862589,0.83858865,0.4558502,-0.065449506
0.2568046161466148,1.0172660559363758,1.6638352328915254,0.1837202,0.86872256,1.431238
-0.6463810425440487,0.1358291421737789,-0.9083451060242022,-0.5472861,0.09756712,-0.78898376
0.3094723832560785,-0.0518429599688844,0.9048311984573746,0.26612842,-0.041258648,0.7854163
0.5830634787096943,0.3489756529280555,-0.5288430888071284,0.4986354,0.26437306,-0.45038462
-2.081030763738692,0.0091132705609736,-0.9505119968261,-1.7589006,0.068810925,-0.80386
0.7295589439744146,-0.8762567137464611,1.916836577702909,0.62452865,-0.74693304,1.6205482
0.2568046161466148,1.0172660559363758,1.6638352328915254,0.1837202,0.86872256,1.431238
0.9424333069675356,1.7336297650420915,-0.5288430888071284,0.8085611,1.4675325,-0.4488395
-0.1443179207895172,0.1793802176413217,-0.3180086347976425,-0.13687111,0.16303767,-0.2758995
0.2024393611413101,-1.303588717536631,-0.9926788876279976,0.16838929,-1.1329796,-0.8304077
-0.3325285307608697,0.3067432080459878,1.7903359052972156,-0.23435655,0.26161733,1.5402602
-0.1443179207895172,0.1793802176413217,-0.3180086347976425,-0.13687111,0.16303767,-0.2758995
-1.9857334464928411,-0.484893412407306,-2.215518720883015,-1.695759,-0.4110754,-1.8863769
-1.9857334464928411,-0.484893412407306,-2.215518720883015,-1.695759,-0.4110754,-1.8863769
0.239573742207419,-0.018715816854753,-0.6131768704109208,0.18681811,-0.002150035,-0.4985871
-1.985435199804674,0.2518669137017295,-0.3180086347976425,-1.7184402,0.18188712,-0.26904166
-0.1930318102188625,-1.378780271126029,-0.1071741807881566,-0.18947923,-1.1677977,-0.10138954
0.2024393611413101,-1.303588717536631,-0.9926788876279976,0.16838929,-1.1329796,-0.8304077
0.2024393611413101,-1.303588717536631,-0.9926788876279976,0.16838929,-1.1329796,-0.8304077
0.7295589439744146,-0.8762567137464611,1.916836577702909,0.62452865,-0.74693304,1.6205482
0.5830634787096943,0.3489756529280555,-0.5288430888071284,0.4986354,0.26437306,-0.45038462
1.2156077646761765,0.0930767600510916,0.9891649800611702,1.0358174,0.114627525,0.8378255
-1.985435199804674,0.2518669137017295,-0.3180086347976425,-1.7184402,0.18188712,-0.26904166
-0.4207629164363726,2.95634767709298,1.4530007788820396,-0.3302832,2.515278,1.2578939
-0.4207629164363726,2.95634767709298,1.4530007788820396,-0.3302832,2.515278,1.2578939
1.8420303208297435,0.396288852094476,-0.3601755255995402,1.5637043,0.36215776,-0.30099684
1.2156077646761765,0.0930767600510916,0.9891649800611702,1.0358174,0.114627525,0.8378255
-1.9857334464928411,-0.484893412407306,-2.215518720883015,-1.695759,-0.4110754,-1.8863769
0.2024393611413101,-1.303588717536631,-0.9926788876279976,0.16838929,-1.1329796,-0.8304077
-2.081030763738692,0.0091132705609736,-0.9505119968261,-1.7589006,0.068810925,-0.80386
1.8420303208297435,0.396288852094476,-0.3601755255995402,1.5637043,0.36215776,-0.30099684
-0.6463810425440487,0.1358291421737789,-0.9083451060242022,-0.5472861,0.09756712,-0.78898376
-1.985435199804674,0.2518669137017295,-0.3180086347976425,-1.7184402,0.18188712,-0.26904166
-2.081030763738692,0.0091132705609736,-0.9505119968261,-1.7589006,0.068810925,-0.80386
-0.3924403201656704,-1.5004103977846484,-0.2758417439957447,-0.31439075,-1.2768703,-0.24815185
0.9797529926203732,0.5567370804615919,-0.0650072899862589,0.83858865,0.4558502,-0.065449506
-1.9857334464928411,-0.484893412407306,-2.215518720883015,-1.1531891,0.0744838,-0.65204716
0.2026273363964781,0.3329919193191797,-0.9083451060242022,0.17249483,0.24760012,-0.78898376
0.2568046161466148,1.0172660559363758,1.6638352328915254,0.1837202,0.86872256,1.431238
-0.1930318102188625,-1.378780271126029,-0.1071741807881566,-0.18947923,-1.1677977,-0.10138954
1.325394764457715,-0.5000077824441818,0.3144947272308149,1.1310711,-0.3900016,0.27208713
0.9797529926203732,0.5567370804615919,-0.0650072899862589,0.83858865,0.4558502,-0.065449506
-0.3325285307608697,0.3067432080459878,1.7903359052972156,-0.23435655,0.26161733,1.5402602
1.8420303208297435,0.396288852094476,-0.3601755255995402,1.5637043,0.36215776,-0.30099684
-1.985435199804674,0.2518669137017295,-0.3180086347976425,-1.7184402,0.18188712,-0.26904166
0.7295589439744146,-0.8762567137464611,1.916836577702909,0.62452865,-0.74693304,1.6205482
1.2156077646761765,0.0930767600510916,0.9891649800611702,1.0358174,0.114627525,0.8378255
0.2026273363964781,0.3329919193191797,-0.9083451060242022,0.17249483,0.24760012,-0.78898376
-0.4207629164363726,2.95634767709298,1.4530007788820396,-0.3302832,2.515278,1.2578939
-1.985435199804674,0.2518669137017295,-0.3180086347976425,-1.7184402,0.18188712,-0.26904166
0.2026273363964781,0.3329919193191797,-0.9083451060242022,0.17249483,0.24760012,-0.78898376
1.8420303208297435,0.396288852094476,-0.3601755255995402,1.5637043,0.36215776,-0.30099684
-0.4207629164363726,2.95634767709298,1.4530007788820396,-0.3302832,2.515278,1.2578939
-0.8694819753243683,-0.105026324874296,-0.1915079623919492,-0.7389694,-0.08733498,-0.17231445
-0.6463810425440487,0.1358291421737789,-0.9083451060242022,-0.5472861,0.09756712,-0.78898376
1.325394764457715,-0.5000077824441818,0.3144947272308149,1.1310711,-0.3900016,0.27208713
0.9424333069675356,1.7336297650420915,-0.5288430888071284,0.8085611,1.4675325,-0.4488395
-0.3562735761340631,-1.7501404600112933,-0.3601755255995402,-0.27602875,-1.4817231,-0.2930164
0.2026273363964781,0.3329919193191797,-0.9083451060242022,0.17249483,0.24760012,-0.78898376
0.2024393611413101,-1.303588717536631,-0.9926788876279976,0.16838929,-1.1329796,-0.8304077
0.2024393611413101,-1.303588717536631,-0.9926788876279976,0.16838929,-1.1329796,-0.8304077
0.2026273363964781,0.3329919193191797,-0.9083451060242022,0.17249483,0.24760012,-0.78898376
0.5830634787096943,0.3489756529280555,-0.5288430888071284,0.4986354,0.26437306,-0.45038462
-0.4207629164363726,2.95634767709298,1.4530007788820396,-0.3302832,2.515278,1.2578939
-1.985435199804674,0.2518669137017295,-0.3180086347976425,-1.7184402,0.18188712,-0.26904166
0.239573742207419,-0.018715816854753,-0.6131768704109208,0.18681811,-0.002150035,-0.4985871
0.2568046161466148,1.0172660559363758,1.6638352328915254,0.1837202,0.86872256,1.431238
0.3094723832560785,-0.0518429599688844,0.9048311984573746,0.26612842,-0.041258648,0.7854163
0.2024393611413101,-1.303588717536631,-0.9926788876279976,0.16838929,-1.1329796,-0.8304077
0.3094723832560785,-0.0518429599688844,0.9048311984573746,0.26612842,-0.041258648,0.7854163
0.9424333069675356,1.7336297650420915,-0.5288430888071284,0.8085611,1.4675325,-0.4488395
-2.081030763738692,0.0091132705609736,-0.9505119968261,-1.7589006,0.068810925,-0.80386
0.9424333069675356,1.7336297650420915,-0.5288430888071284,0.8085611,1.4675325,-0.4488395
0.5830634787096943,0.3489756529280555,-0.5288430888071284,0.4986354,0.26437306,-0.45038462
-0.6463810425440487,0.1358291421737789,-0.9083451060242022,-0.5472861,0.09756712,-0.78898376
0.3094723832560785,-0.0518429599688844,0.9048311984573746,0.26612842,-0.041258648,0.7854163
-0.4207629164363726,2.95634767709298,1.4530007788820396,-0.3302832,2.515278,1.2578939
-0.3924403201656704,-1.5004103977846484,-0.2758417439957447,-0.31439075,-1.2768703,-0.24815185
0.2026273363964781,0.3329919193191797,-0.9083451060242022,0.17249483,0.24760012,-0.78898376
0.9424333069675356,1.7336297650420915,-0.5288430888071284,0.8085611,1.4675325,-0.4488395
-0.3924403201656704,-1.5004103977846484,-0.2758417439957447,-0.31439075,-1.2768703,-0.24815185
0.2568046161466148,1.0172660559363758,1.6638352328915254,0.1837202,0.86872256,1.431238
0.2024393611413101,-1.303588717536631,-0.9926788876279976,0.16838929,-1.1329796,-0.8304077
-0.3562735761340631,-1.7501404600112933,-0.3601755255995402,-0.27602875,-1.4817231,-0.2930164
0.5786584910264272,-0.3485836582951384,0.6096629628440963,0.4986354,-0.2948322,0.52087307
0.2024393611413101,-1.303588717536631,-0.9926788876279976,0.16838929,-1.1329796,-0.8304077
-1.985435199804674,0.2518669137017295,-0.3180086347976425,-1.7184402,0.18188712,-0.26904166
-0.1930318102188625,-1.378780271126029,-0.1071741807881566,-0.18947923,-1.1677977,-0.10138954
-0.4207629164363726,2.95634767709298,1.4530007788820396,-0.3302832,2.515278,1.2578939
-2.081030763738692,0.0091132705609736,-0.9505119968261,-1.7589006,0.068810925,-0.80386
-0.8694819753243683,-0.105026324874296,-0.1915079623919492,-0.7389694,-0.08733498,-0.17231445
-0.6463810425440487,0.1358291421737789,-0.9083451060242022,-0.5472861,0.09756712,-0.78898376
0.2026273363964781,0.3329919193191797,-0.9083451060242022,0.17249483,0.24760012,-0.78898376
-0.3325285307608697,0.3067432080459878,1.7903359052972156,-0.23435655,0.26161733,1.5402602
-0.1443179207895172,0.1793802176413217,-0.3180086347976425,-0.13687111,0.16303767,-0.2758995
-0.6463810425440487,0.1358291421737789,-0.9083451060242022,-0.5472861,0.09756712,-0.78898376
0.7295589439744146,-0.8762567137464611,1.916836577702909,0.62452865,-0.74693304,1.6205482
0.239573742207419,-0.018715816854753,-0.6131768704109208,0.18681811,-0.002150035,-0.4985871
0.2024393611413101,-1.303588717536631,-0.9926788876279976,0.16838929,-1.1329796,-0.8304077
1.8420303208297435,0.396288852094476,-0.3601755255995402,1.5637043,0.36215776,-0.30099684
-0.3924403201656704,-1.5004103977846484,-0.2758417439957447,-0.31439075,-1.2768703,-0.24815185
-1.985435199804674,0.2518669137017295,-0.3180086347976425,-1.7184402,0.18188712,-0.26904166
0.5830634787096943,0.3489756529280555,-0.5288430888071284,0.4986354,0.26437306,-0.45038462
-0.4207629164363726,2.95634767709298,1.4530007788820396,-0.3302832,2.515278,1.2578939
1.2156077646761765,0.0930767600510916,0.9891649800611702,1.0358174,0.114627525,0.8378255
-0.1443179207895172,0.1793802176413217,-0.3180086347976425,-0.13687111,0.16303767,-0.2758995
0.9797529926203732,0.5567370804615919,-0.0650072899862589,0.83858865,0.4558502,-0.065449506
0.2568046161466148,1.0172660559363758,1.6638352328915254,0.1837202,0.86872256,1.431238
-0.8694819753243683,-0.105026324874296,-0.1915079623919492,0.64191884,0.16674225,-0.27759662
0.9797529926203732,0.5567370804615919,-0.0650072899862589,0.83858865,0.4558502,-0.065449506
-1.9857334464928411,-0.484893412407306,-2.215518720883015,-1.695759,-0.4110754,-1.8863769
0.7295589439744146,-0.8762567137464611,1.916836577702909,0.62452865,-0.74693304,1.6205482
1.325394764457715,-0.5000077824441818,0.3144947272308149,1.1310711,-0.3900016,0.27208713
1.2156077646761765,0.0930767600510916,0.9891649800611702,1.0358174,0.114627525,0.8378255
-0.3562735761340631,-1.7501404600112933,-0.3601755255995402,-0.27602875,-1.4817231,-0.2930164
1.2156077646761765,0.0930767600510916,0.9891649800611702,1.0358174,0.114627525,0.8378255
1.2156077646761765,0.0930767600510916,0.9891649800611702,1.0358174,0.114627525,0.8378255
1.2156077646761765,0.0930767600510916,0.9891649800611702,1.0358174,0.114627525,0.8378255
-1.9857334464928411,-0.484893412407306,-2.215518720883015,-1.695759,-0.4110754,-1.8863769
0.7295589439744146,-0.8762567137464611,1.916836577702909,0.62452865,-0.74693304,1.6205482
0.9797529926203732,0.5567370804615919,-0.0650072899862589,0.83858865,0.4558502,-0.065449506
-0.1930318102188625,-1.378780271126029,-0.1071741807881566,-0.18947923,-1.1677977,-0.10138954
-0.3562735761340631,-1.7501404600112933,-0.3601755255995402,-0.27602875,-1.4817231,-0.2930164
-1.985435199804674,0.2518669137017295,-0.3180086347976425,-1.7184402,0.18188712,-0.26904166
0.7295589439744146,-0.8762567137464611,1.916836577702909,0.62452865,-0.74693304,1.6205482
-0.1443179207895172,0.1793802176413217,-0.3180086347976425,-0.13687111,0.16303767,-0.2758995
0.2026273363964781,0.3329919193191797,-0.9083451060242022,0.17249483,0.24760012,-0.78898376
-0.3325285307608697,0.3067432080459878,1.7903359052972156,-0.23435655,0.26161733,1.5402602
0.9424333069675356,1.7336297650420915,-0.5288430888071284,0.8085611,1.4675325,-0.4488395
-0.1930318102188625,-1.378780271126029,-0.1071741807881566,-0.18947923,-1.1677977,-0.10138954
-0.6463810425440487,0.1358291421737789,-0.9083451060242022,-0.5472861,0.09756712,-0.78898376
-0.3325285307608697,0.3067432080459878,1.7903359052972156,0.5218411,0.582412,0.92072284
1.2156077646761765,0.0930767600510916,0.9891649800611702,1.0358174,0.114627525,0.8378255
0.3094723832560785,-0.0518429599688844,0.9048311984573746,0.26612842,-0.041258648,0.7854163
1.2156077646761765,0.0930767600510916,0.9891649800611702,1.0358174,0.114627525,0.8378255
1.2156077646761765,0.0930767600510916,0.9891649800611702,1.0358174,0.114627525,0.8378255
0.9424333069675356,1.7336297650420915,-0.5288430888071284,0.8085611,1.4675325,-0.4488395
1.2156077646761765,0.0930767600510916,0.9891649800611702,1.0358174,0.114627525,0.8378255
0.2026273363964781,0.3329919193191797,-0.9083451060242022,0.17249483,0.24760012,-0.78898376
0.7295589439744146,-0.8762567137464611,1.916836577702909,0.62452865,-0.74693304,1.6205482
-0.6463810425440487,0.1358291421737789,-0.9083451060242022,-0.5472861,0.09756712,-0.78898376
1.8420303208297435,0.396288852094476,-0.3601755255995402,1.5637043,0.36215776,-0.30099684
0.3094723832560785,-0.0518429599688844,0.9048311984573746,0.26612842,-0.041258648,0.7854163
-1.9857334464928411,-0.484893412407306,-2.215518720883015,-1.695759,-0.4110754,-1.8863769
-0.6463810425440487,0.1358291421737789,-0.9083451060242022,-0.5472861,0.09756712,-0.78898376
-2.081030763738692,0.0091132705609736,-0.9505119968261,-1.7589006,0.068810925,-0.80386
0.5786584910264272,-0.3485836582951384,0.6096629628440963,0.4986354,-0.2948322,0.52087307
0.7295589439744146,-0.8762567137464611,1.916836577702909,0.62452865,-0.74693304,1.6205482
-0.8694819753243683,-0.105026324874296,-0.1915079623919492,-0.7389694,-0.08733498,-0.17231445
-0.3924403201656704,-1.5004103977846484,-0.2758417439957447,-0.31439075,-1.2768703,-0.24815185
-0.3562735761340631,-1.7501404600112933,-0.3601755255995402,-0.07340821,-0.15361732,-0.3245666
0.1672805398850157,-1.3053381420614791,-0.9041388558462221,-0.2216139,-1.1329796,-0.8304077
-1.985435199804674,0.2518669137017295,-0.3180086347976425,-1.7184402,0.18188712,-0.26904166
0.3094723832560785,-0.0518429599688844,0.9048311984573746,0.26612842,-0.041258648,0.7854163
-0.4207629164363726,2.95634767709298,1.4530007788820396,-0.3302832,2.515278,1.2578939
1.325394764457715,-0.5000077824441818,0.3144947272308149,1.1310711,-0.3900016,0.27208713
-0.6463810425440487,0.1358291421737789,-0.9083451060242022,-0.0551404,0.14815281,-0.3676535
0.239573742207419,-0.018715816854753,-0.6131768704109208,0.18681811,-0.002150035,-0.4985871
0.2568046161466148,1.0172660559363758,1.6638352328915254,0.1837202,0.86872256,1.431238
0.2024393611413101,-1.303588717536631,-0.9926788876279976,0.16838929,-1.1329796,-0.8304077
0.2024393611413101,-1.303588717536631,-0.9926788876279976,0.16838929,-1.1329796,-0.8304077
0.5786584910264272,-0.3485836582951384,0.6096629628440963,0.4986354,-0.2948322,0.52087307
0.2568046161466148,1.0172660559363758,1.6638352328915254,0.1837202,0.86872256,1.431238
-0.4207629164363726,2.95634767709298,1.4530007788820396,-0.3302832,2.515278,1.2578939
-1.985435199804674,0.2518669137017295,-0.3180086347976425,-1.7184402,0.18188712,-0.26904166
1.325394764457715,-0.5000077824441818,0.3144947272308149,1.1310711,-0.3900016,0.27208713
0.7295589439744146,-0.8762567137464611,1.916836577702909,0.62452865,-0.74693304,1.6205482
0.239573742207419,-0.018715816854753,-0.6131768704109208,0.18681811,-0.002150035,-0.4985871
0.5830634787096943,0.3489756529280555,-0.5288430888071284,0.4986354,0.26437306,-0.45038462
0.2568046161466148,1.0172660559363758,1.6638352328915254,0.1837202,0.86872256,1.431238
-0.6463810425440487,0.1358291421737789,-0.9083451060242022,-0.5472861,0.09756712,-0.78898376
-1.9857334464928411,-0.484893412407306,-2.215518720883015,-1.695759,-0.4110754,-1.8863769
0.2568046161466148,1.0172660559363758,1.6638352328915254,0.1837202,0.86872256,1.431238
-0.3924403201656704,-1.5004103977846484,-0.2758417439957447,-0.31439075,-1.2768703,-0.24815185
-1.9857334464928411,-0.484893412407306,-2.215518720883015,-1.695759,-0.4110754,-1.8863769
0.3094723832560785,-0.0518429599688844,0.9048311984573746,0.27313775,-0.050094374,0.78460616
-0.3325285307608697,0.3067432080459878,1.7903359052972156,-0.25227007,0.25222453,1.5402279
-0.8694819753243683,-0.105026324874296,-0.1915079623919492,-0.73715484,-0.08731957,-0.17486453
0.2568046161466148,1.0172660559363758,1.6638352328915254,0.1939391,0.8686137,1.4292758
0.5830634787096943,0.3489756529280555,-0.5288430888071284,0.49586976,0.24686481,-0.4547549
0.2568046161466148,1.0172660559363758,1.6638352328915254,0.1939391,0.8686137,1.4292758
0.5830634787096943,0.3489756529280555,-0.5288430888071284,0.49586976,0.24686481,-0.4547549
1.325394764457715,-0.5000077824441818,0.3144947272308149,1.1237514,-0.36425662,0.27444777
-1.985435199804674,0.2518669137017295,-0.3180086347976425,-1.7202926,0.19330682,-0.27034852
-0.1930318102188625,-1.378780271126029,-0.1071741807881566,-0.19382164,-1.1674175,-0.10535149
0.5786584910264272,-0.3485836582951384,0.6096629628440963,0.49550506,-0.2925809,0.5202025
-0.1930318102188625,-1.378780271126029,-0.1071741807881566,-0.19382164,-1.1674175,-0.10535149
0.2026273363964781,0.3329919193191797,-0.9083451060242022,0.17703764,0.24763939,-0.7912036
0.2568046161466148,1.0172660559363758,1.6638352328915254,0.1939391,0.8686137,1.4292758
-0.4207629164363726,2.95634767709298,1.4530007788820396,-0.3396175,2.5155728,1.2581497
0.5786584910264272,-0.3485836582951384,0.6096629628440963,0.49550506,-0.2925809,0.5202025
1.325394764457715,-0.5000077824441818,0.3144947272308149,1.1237514,-0.36425662,0.27444777
-2.081030763738692,0.0091132705609736,-0.9505119968261,-1.7603172,0.057032242,-0.7971951
1.2156077646761765,0.0930767600510916,0.9891649800611702,1.0405296,0.111531146,0.8390368
-0.4207629164363726,2.95634767709298,1.4530007788820396,-0.3396175,2.5155728,1.2581497
0.2568046161466148,1.0172660559363758,1.6638352328915254,0.1939391,0.8686137,1.4292758
0.2026273363964781,0.3329919193191797,-0.9083451060242022,0.17703764,0.24763939,-0.7912036
0.2024393611413101,-1.303588717536631,-0.9926788876279976,0.16493104,-1.1305683,-0.8356314
1.325394764457715,-0.5000077824441818,0.3144947272308149,1.1237514,-0.36425662,0.27444777
-0.1443179207895172,0.1793802176413217,-0.3180086347976425,-0.12943365,0.1588165,-0.279121
-0.1443179207895172,0.1793802176413217,-0.3180086347976425,-0.12943365,0.1588165,-0.279121
0.9797529926203732,0.5567370804615919,-0.0650072899862589,0.83901626,0.4406879,-0.07266054
-0.3562735761340631,-1.7501404600112933,-0.3601755255995402,-0.26647505,-1.476817,-0.28953096
0.3094723832560785,-0.0518429599688844,0.9048311984573746,0.27313775,-0.050094374,0.78460616
-0.8694819753243683,-0.105026324874296,-0.1915079623919492,-0.73715484,-0.08731957,-0.17486453
0.7295589439744146,-0.8762567137464611,1.916836577702909,0.62407345,-0.7478235,1.6226188
-0.1930318102188625,-1.378780271126029,-0.1071741807881566,-0.19382164,-1.1674175,-0.10535149
-0.8694819753243683,-0.105026324874296,-0.1915079623919492,-0.73715484,-0.08731957,-0.17486453
0.2026273363964781,0.3329919193191797,-0.9083451060242022,0.17703764,0.24763939,-0.7912036
-1.9857334464928411,-0.484893412407306,-2.215518720883015,-1.6952038,-0.41170835,-1.8873359
0.5786584910264272,-0.3485836582951384,0.6096629628440963,0.49550506,-0.2925809,0.5202025
0.5830634787096943,0.3489756529280555,-0.5288430888071284,0.49586976,0.24686481,-0.4547549
0.5786584910264272,-0.3485836582951384,0.6096629628440963,0.49550506,-0.2925809,0.5202025
-0.3562735761340631,-1.7501404600112933,-0.3601755255995402,-0.26647505,-1.476817,-0.28953096
0.7295589439744146,-0.8762567137464611,1.916836577702909,0.62407345,-0.7478235,1.6226188
-0.3924403201656704,-1.5004103977846484,-0.2758417439957447,-0.30000916,-1.2755113,-0.2363834
0.9797529926203732,0.5567370804615919,-0.0650072899862589,0.83901626,0.4406879,-0.07266054
-2.081030763738692,0.0091132705609736,-0.9505119968261,-1.7603172,0.057032242,-0.7971951
-0.1443179207895172,0.1793802176413217,-0.3180086347976425,-0.12943365,0.1588165,-0.279121
1.325394764457715,-0.5000077824441818,0.3144947272308149,1.1237514,-0.36425662,0.27444777
0.2568046161466148,1.0172660559363758,1.6638352328915254,0.1939391,0.8686137,1.4292758
0.2568046161466148,1.0172660559363758,1.6638352328915254,0.1939391,0.8686137,1.4292758
-0.8694819753243683,-0.105026324874296,-0.1915079623919492,-0.73715484,-0.08731957,-0.17486453
-0.3325285307608697,0.3067432080459878,1.7903359052972156,-0.25227007,0.25222453,1.5402279
-1.985435199804674,0.2518669137017295,-0.3180086347976425,-1.7202926,0.19330682,-0.27034852
0.2026273363964781,0.3329919193191797,-0.9083451060242022,0.17703764,0.24763939,-0.7912036
1.8420303208297435,0.396288852094476,-0.3601755255995402,1.5689845,0.36841688,-0.3019419
-0.6463810425440487,0.1358291421737789,-0.9083451060242022,-0.549999,0.10336078,-0.7912036
-0.8694819753243683,-0.105026324874296,-0.1915079623919492,-0.73715484,-0.08731957,-0.17486453
-0.3325285307608697,0.3067432080459878,1.7903359052972156,-0.25227007,0.25222453,1.5402279
-0.4207629164363726,2.95634767709298,1.4530007788820396,-0.3396175,2.5155728,1.2581497
-0.8694819753243683,-0.105026324874296,-0.1915079623919492,-0.73715484,-0.08731957,-0.17486453
-0.3562735761340631,-1.7501404600112933,-0.3601755255995402,-0.26647505,-1.476817,-0.28953096
-0.3325285307608697,0.3067432080459878,1.7903359052972156,-0.25227007,0.25222453,1.5402279
-0.3562735761340631,-1.7501404600112933,-0.3601755255995402,-0.26647505,-1.476817,-0.28953096
0.2568046161466148,1.0172660559363758,1.6638352328915254,0.1939391,0.8686137,1.4292758
0.239573742207419,-0.018715816854753,-0.6131768704109208,0.18698598,0.0036918928,-0.49305847
0.9424333069675356,1.7336297650420915,-0.5288430888071284,0.8023123,1.4600512,-0.4491375
1.2156077646761765,0.0930767600510916,0.9891649800611702,1.0405296,0.111531146,0.8390368
-0.1930318102188625,-1.378780271126029,-0.1071741807881566,-0.19382164,-1.1674175,-0.10535149
-1.9857334464928411,-0.484893412407306,-2.215518720883015,-1.6952038,-0.41170835,-1.8873359
1.325394764457715,-0.5000077824441818,0.3144947272308149,1.1237514,-0.36425662,0.27444777
0.2568046161466148,1.0172660559363758,1.6638352328915254,0.1939391,0.8686137,1.4292758
-0.1930318102188625,-1.378780271126029,-0.1071741807881566,-0.19382164,-1.1674175,-0.10535149
0.239573742207419,-0.018715816854753,-0.6131768704109208,0.18698598,0.0036918928,-0.49305847
0.2026273363964781,0.3329919193191797,-0.9083451060242022,0.17703764,0.24763939,-0.7912036
-0.1443179207895172,0.1793802176413217,-0.3180086347976425,-0.12943365,0.1588165,-0.279121
0.5830634787096943,0.3489756529280555,-0.5288430888071284,0.49586976,0.24686481,-0.4547549
-2.081030763738692,0.0091132705609736,-0.9505119968261,-1.7603172,0.057032242,-0.7971951
0.5830634787096943,0.3489756529280555,-0.5288430888071284,0.49586976,0.24686481,-0.4547549
0.9424333069675356,1.7336297650420915,-0.5288430888071284,0.8023123,1.4600512,-0.4491375
0.5830634787096943,0.3489756529280555,-0.5288430888071284,0.49586976,0.24686481,-0.4547549
-0.6463810425440487,0.1358291421737789,-0.9083451060242022,-0.549999,0.10336078,-0.7912036
-0.6463810425440487,0.1358291421737789,-0.9083451060242022,-0.549999,0.10336078,-0.7912036
0.2568046161466148,1.0172660559363758,1.6638352328915254,0.39019716,0.32965398,0.81700295
-1.9857334464928411,-0.484893412407306,-2.215518720883015,-1.6952038,-0.41170835,-1.8873359
-0.1443179207895172,0.1793802176413217,-0.3180086347976425,-0.12943365,0.1588165,-0.279121
0.9797529926203732,0.5567370804615919,-0.0650072899862589,0.83901626,0.4406879,-0.07266054
-0.4207629164363726,2.95634767709298,1.4530007788820396,-0.3396175,2.5155728,1.2581497
-0.8694819753243683,-0.105026324874296,-0.1915079623919492,-0.73715484,-0.08731957,-0.17486453
0.5830634787096943,0.3489756529280555,-0.5288430888071284,0.49586976,0.24686481,-0.4547549
-0.3924403201656704,-1.5004103977846484,-0.2758417439957447,-0.30000916,-1.2755113,-0.2363834
-0.8694819753243683,-0.105026324874296,-0.1915079623919492,-0.73715484,-0.08731957,-0.17486453
0.3094723832560785,-0.0518429599688844,0.9048311984573746,0.27313775,-0.050094374,0.78460616
1.325394764457715,-0.5000077824441818,0.3144947272308149,1.1237514,-0.36425662,0.27444777
1.8420303208297435,0.396288852094476,-0.3601755255995402,1.5689845,0.36841688,-0.3019419
-0.3397582303352784,-1.5478803422262455,-0.14422264075387514,-0.3143195,-0.41170835,-0.7912036
0.7295589439744146,-0.8762567137464611,1.916836577702909,0.62407345,-0.7478235,1.6226188
-1.985435199804674,0.2518669137017295,-0.3180086347976425,-1.7202926,0.19330682,-0.27034852
1.8420303208297435,0.396288852094476,-0.3601755255995402,1.5689845,0.36841688,-0.3019419
-0.3325285307608697,0.3067432080459878,1.7903359052972156,-0.25227007,0.25222453,1.5402279
0.2568046161466148,1.0172660559363758,1.6638352328915254,0.1939391,0.8686137,1.4292758
1.325394764457715,-0.5000077824441818,0.3144947272308149,1.1237514,-0.36425662,0.27444777
0.2568046161466148,1.0172660559363758,1.6638352328915254,0.1939391,0.8686137,1.4292758
-2.081030763738692,0.0091132705609736,-0.9505119968261,-1.7603172,0.057032242,-0.7971951
0.239573742207419,-0.018715816854753,-0.6131768704109208,0.18698598,0.0036918928,-0.49305847
0.5786584910264272,-0.3485836582951384,0.6096629628440963,0.49550506,-0.2925809,0.5202025
-0.6463810425440487,0.1358291421737789,-0.9083451060242022,-0.549999,0.10336078,-0.7912036
0.5830634787096943,0.3489756529280555,-0.5288430888071284,0.49586976,0.24686481,-0.4547549
-0.6463810425440487,0.1358291421737789,-0.9083451060242022,-0.549999,0.10336078,-0.7912036
0.2568046161466148,1.0172660559363758,1.6638352328915254,0.1939391,0.8686137,1.4292758
-2.081030763738692,0.0091132705609736,-0.9505119968261,-1.7603172,0.057032242,-0.7971951
0.9424333069675356,1.7336297650420915,-0.5288430888071284,0.3294677,0.023894196,-0.24780825
-1.985435199804674,0.2518669137017295,-0.3180086347976425,-1.7202926,0.19330682,-0.27034852
-1.9857334464928411,-0.484893412407306,-2.215518720883015,-1.6952038,-0.41170835,-1.8873359
-0.8694819753243683,-0.105026324874296,-0.1915079623919492,-0.73715484,-0.08731957,-0.17486453
0.9424333069675356,1.7336297650420915,-0.5288430888071284,0.8023123,1.4600512,-0.4491375
-0.8694819753243683,-0.105026324874296,-0.1915079623919492,-0.73715484,-0.08731957,-0.17486453
0.5786584910264272,-0.3485836582951384,0.6096629628440963,0.49550506,-0.2925809,0.5202025
0.239573742207419,-0.018715816854753,-0.6131768704109208,0.18698598,0.0036918928,-0.49305847
0.9797529926203732,0.5567370804615919,-0.0650072899862589,0.83901626,0.4406879,-0.07266054
-0.1930318102188625,-1.378780271126029,-0.1071741807881566,-0.19382164,-1.1674175,-0.10535149
0.2026273363964781,0.3329919193191797,-0.9083451060242022,0.17703764,0.24763939,-0.7912036
1.2156077646761765,0.0930767600510916,0.9891649800611702,1.0405296,0.111531146,0.8390368
0.9424333069675356,1.7336297650420915,-0.5288430888071284,0.8023123,1.4600512,-0.4491375
-0.1930318102188625,-1.378780271126029,-0.1071741807881566,-0.19382164,-1.1674175,-0.10535149
-1.985435199804674,0.2518669137017295,-0.3180086347976425,-1.7202926,0.19330682,-0.27034852
-0.4207629164363726,2.95634767709298,1.4530007788820396,-0.3396175,2.5155728,1.2581497
-2.081030763738692,0.0091132705609736,-0.9505119968261,-1.7603172,0.057032242,-0.7971951
0.3094723832560785,-0.0518429599688844,0.9048311984573746,0.27313775,-0.050094374,0.78460616
-0.3924403201656704,-1.5004103977846484,-0.2758417439957447,-0.30000916,-1.2755113,-0.2363834
0.2024393611413101,-1.303588717536631,-0.9926788876279976,0.16493104,-1.1305683,-0.8356314
-0.4207629164363726,2.95634767709298,1.4530007788820396,-0.3396175,2.5155728,1.2581497
1.325394764457715,-0.5000077824441818,0.3144947272308149,1.1237514,-0.36425662,0.27444777
0.9424333069675356,1.7336297650420915,-0.5288430888071284,0.8023123,1.4600512,-0.4491375
1.8420303208297435,0.396288852094476,-0.3601755255995402,1.5689845,0.36841688,-0.3019419
-1.985435199804674,0.2518669137017295,-0.3180086347976425,-1.7202926,0.19330682,-0.27034852
-1.985435199804674,0.2518669137017295,-0.3180086347976425,-1.7202926,0.19330682,-0.27034852
-0.8694819753243683,-0.105026324874296,-0.1915079623919492,-0.73715484,-0.08731957,-0.17486453
-0.1443179207895172,0.1793802176413217,-0.3180086347976425,-0.12943365,0.1588165,-0.279121
0.9797529926203732,0.5567370804615919,-0.0650072899862589,0.83901626,0.4406879,-0.07266054
0.33063156330991783,0.3281889243329472,-0.8508814397099184,0.11473961,0.23517343,-0.7912036
-1.985435199804674,0.2518669137017295,-0.3180086347976425,-1.7202926,0.19330682,-0.27034852
0.9424333069675356,1.7336297650420915,-0.5288430888071284,0.8023123,1.4600512,-0.4491375
0.9797529926203732,0.5567370804615919,-0.0650072899862589,0.83901626,0.4406879,-0.07266054
-0.1930318102188625,-1.378780271126029,-0.1071741807881566,-0.19382164,-1.1674175,-0.10535149
-0.3562735761340631,-1.7501404600112933,-0.3601755255995402,-0.26647505,-1.476817,-0.28953096
-0.5631073203209198,0.1865476454246854,-1.0003888175907845,-0.549999,0.0995983,-0.096546024
1.325394764457715,-0.5000077824441818,0.3144947272308149,1.1237514,-0.36425662,0.27444777
0.5830634787096943,0.3489756529280555,-0.5288430888071284,0.49586976,0.24686481,-0.4547549
-0.1443179207895172,0.1793802176413217,-0.3180086347976425,-0.12943365,0.1588165,-0.279121
1.325394764457715,-0.5000077824441818,0.3144947272308149,0.39019716,0.33978298,0.26341116
-0.1443179207895172,0.1793802176413217,-0.3180086347976425,-0.12943365,0.1588165,-0.279121
0.2026273363964781,0.3329919193191797,-0.9083451060242022,0.17703764,0.24763939,-0.7912036
-0.3562735761340631,-1.7501404600112933,-0.3601755255995402,-0.26647505,-1.476817,-0.28953096
-0.3325285307608697,0.3067432080459878,1.7903359052972156,-0.25227007,0.25222453,1.5402279
-0.8694819753243683,-0.105026324874296,-0.1915079623919492,-0.73715484,-0.08731957,-0.17486453
-1.985435199804674,0.2518669137017295,-0.3180086347976425,-1.7202926,0.19330682,-0.27034852
-2.081030763738692,0.0091132705609736,-0.9505119968261,-1.7603172,0.057032242,-0.7971951
0.3094723832560785,-0.0518429599688844,0.9048311984573746,0.27313775,-0.050094374,0.78460616
0.2026273363964781,0.3329919193191797,-0.9083451060242022,-0.12188151,0.01881271,-0.24780825
0.7295589439744146,-0.8762567137464611,1.916836577702909,0.62407345,-0.7478235,1.6226188
0.9797529926203732,0.5567370804615919,-0.0650072899862589,0.83901626,0.4406879,-0.07266054
-0.1930318102188625,-1.378780271126029,-0.1071741807881566,-0.19382164,-1.1674175,-0.10535149
0.9797529926203732,0.5567370804615919,-0.0650072899862589,0.83901626,0.4406879,-0.07266054
0.5786584910264272,-0.3485836582951384,0.6096629628440963,0.49550506,-0.2925809,0.5202025
-0.3562735761340631,-1.7501404600112933,-0.3601755255995402,-0.26647505,-1.476817,-0.28953096
-0.3325285307608697,0.3067432080459878,1.7903359052972156,-0.25227007,0.25222453,1.5402279
-0.3325285307608697,0.3067432080459878,1.7903359052972156,-0.25227007,0.25222453,1.5402279
-0.3562735761340631,-1.7501404600112933,-0.3601755255995402,-0.26647505,-1.476817,-0.28953096
-1.9857334464928411,-0.484893412407306,-2.215518720883015,-1.6952038,-0.41170835,-1.8873359
0.239573742207419,-0.018715816854753,-0.6131768704109208,0.18698598,0.0036918928,-0.49305847
-0.8694819753243683,-0.105026324874296,-0.1915079623919492,-0.73715484,-0.08731957,-0.17486453
0.2024393611413101,-1.303588717536631,-0.9926788876279976,0.16493104,-1.1305683,-0.8356314
1.8420303208297435,0.396288852094476,-0.3601755255995402,1.5689845,0.36841688,-0.3019419
0.2024393611413101,-1.303588717536631,-0.9926788876279976,0.16493104,-1.1305683,-0.8356314
-0.6463810425440487,0.1358291421737789,-0.9083451060242022,-0.549999,0.10336078,-0.7912036
-0.3325285307608697,0.3067432080459878,1.7903359052972156,-0.25227007,0.25222453,1.5402279
-0.8694819753243683,-0.105026324874296,-0.1915079623919492,-0.73715484,-0.08731957,-0.17486453
0.2024393611413101,-1.303588717536631,-0.9926788876279976,0.16493104,-1.1305683,-0.8356314
-0.4207629164363726,2.95634767709298,1.4530007788820396,-0.3396175,2.5155728,1.2581497
-0.4207629164363726,2.95634767709298,1.4530007788820396,-0.3396175,2.5155728,1.2581497
1.325394764457715,-0.5000077824441818,0.3144947272308149,1.1237514,-0.36425662,0.27444777
0.9424333069675356,1.7336297650420915,-0.5288430888071284,0.8023123,1.4600512,-0.4491375
0.9424333069675356,1.7336297650420915,-0.5288430888071284,0.8023123,1.4600512,-0.4491375
-0.3924403201656704,-1.5004103977846484,-0.2758417439957447,-0.16448915,0.057013005,-0.27034852
-0.1930318102188625,-1.378780271126029,-0.1071741807881566,-0.19382164,-1.1674175,-0.10535149
0.9424333069675356,1.7336297650420915,-0.5288430888071284,0.8023123,1.4600512,-0.4491375
0.2568046161466148,1.0172660559363758,1.6638352328915254,0.1939391,0.8686137,1.4292758
-0.3924403201656704,-1.5004103977846484,-0.2758417439957447,-0.30000916,-1.2755113,-0.2363834
0.7295589439744146,-0.8762567137464611,1.916836577702909,0.62407345,-0.7478235,1.6226188
0.239573742207419,-0.018715816854753,-0.6131768704109208,0.18698598,0.0036918928,-0.49305847
0.9424333069675356,1.7336297650420915,-0.5288430888071284,0.8023123,1.4600512,-0.4491375
1.8420303208297435,0.396288852094476,-0.3601755255995402,1.5689845,0.36841688,-0.3019419
1.2156077646761765,0.0930767600510916,0.9891649800611702,1.0405296,0.111531146,0.8390368
-0.1930318102188625,-1.378780271126029,-0.1071741807881566,-0.19382164,-1.1674175,-0.10535149
-1.9857334464928411,-0.484893412407306,-2.215518720883015,-1.6952038,-0.41170835,-1.8873359
0.2026273363964781,0.3329919193191797,-0.9083451060242022,0.17703764,0.24763939,-0.7912036
-0.4207629164363726,2.95634767709298,1.4530007788820396,-0.3396175,2.5155728,1.2581497
-0.3325285307608697,0.3067432080459878,1.7903359052972156,-0.25227007,0.25222453,1.5402279
-1.9857334464928411,-0.484893412407306,-2.215518720883015,-1.6952038,-0.41170835,-1.8873359
0.3094723832560785,-0.0518429599688844,0.9048311984573746,0.39019716,0.33978298,-0.09786335
0.9797529926203732,0.5567370804615919,-0.0650072899862589,0.83901626,0.4406879,-0.07266054
-1.9857334464928411,-0.484893412407306,-2.215518720883015,-1.6952038,-0.41170835,-1.8873359
-0.3924403201656704,-1.5004103977846484,-0.2758417439957447,-0.30000916,-1.2755113,-0.2363834
-0.3325285307608697,0.3067432080459878,1.7903359052972156,-0.25227007,0.25222453,1.5402279
0.2024393611413101,-1.303588717536631,-0.9926788876279976,0.16493104,-1.1305683,-0.8356314
-0.3924403201656704,-1.5004103977846484,-0.2758417439957447,-0.30000916,-1.2755113,-0.2363834
-0.1443179207895172,0.1793802176413217,-0.3180086347976425,-0.12943365,0.1588165,-0.279121
0.5786584910264272,-0.3485836582951384,0.6096629628440963,0.49550506,-0.2925809,0.5202025
-0.3924403201656704,-1.5004103977846484,-0.2758417439957447,-0.30000916,-1.2755113,-0.2363834
1.8429520174830132,0.4136679373625596,-0.3871635096150083,1.5369078,0.36841688,-0.3019419
-1.985435199804674,0.2518669137017295,-0.3180086347976425,-1.7202926,0.19330682,-0.27034852
-2.081030763738692,0.0091132705609736,-0.9505119968261,-1.7603172,0.057032242,-0.7971951
0.7295589439744146,-0.8762567137464611,1.916836577702909,0.62407345,-0.7478235,1.6226188
-0.4207629164363726,2.95634767709298,1.4530007788820396,-0.3396175,2.5155728,1.2581497
-0.3924403201656704,-1.5004103977846484,-0.2758417439957447,-0.30000916,-1.2755113,-0.2363834
1.2156077646761765,0.0930767600510916,0.9891649800611702,1.0405296,0.111531146,0.8390368
-0.3325285307608697,0.3067432080459878,1.7903359052972156,-0.25227007,0.25222453,1.5402279
0.2024393611413101,-1.303588717536631,-0.9926788876279976,0.1787186,-1.1283662,-0.8257575
-0.1443179207895172,0.1793802176413217,-0.3180086347976425,-0.10917335,0.15830934,-0.27441898
0.2568046161466148,1.0172660559363758,1.6638352328915254,0.19345564,0.8566778,1.4335402
-0.3924403201656704,-1.5004103977846484,-0.2758417439957447,-0.322416,-1.2733628,-0.23598127
0.7295589439744146,-0.8762567137464611,1.916836577702909,0.62654394,-0.74258995,1.6203246
-0.3924403201656704,-1.5004103977846484,-0.2758417439957447,-0.322416,-1.2733628,-0.23598127
0.9797529926203732,0.5567370804615919,-0.0650072899862589,0.84102726,0.43597806,-0.06059499
0.2568046161466148,1.0172660559363758,1.6638352328915254,0.19345564,0.8566778,1.4335402
-0.3924403201656704,-1.5004103977846484,-0.2758417439957447,-0.322416,-1.2733628,-0.23598127
-1.9857334464928411,-0.484893412407306,-2.215518720883015,-1.683086,-0.40142745,-1.8803703
0.2024393611413101,-1.303588717536631,-0.9926788876279976,0.1787186,-1.1283662,-0.8257575
0.2568046161466148,1.0172660559363758,1.6638352328915254,0.19345564,0.8566778,1.4335402
0.239573742207419,-0.018715816854753,-0.6131768704109208,0.1738181,0.024724217,-0.5025738
-2.081030763738692,0.0091132705609736,-0.9505119968261,-1.7457492,0.06470263,-0.7921844
-1.9857334464928411,-0.484893412407306,-2.215518720883015,-1.683086,-0.40142745,-1.8803703
0.2024393611413101,-1.303588717536631,-0.9926788876279976,0.1787186,-1.1283662,-0.8257575
0.5830634787096943,0.3489756529280555,-0.5288430888071284,0.50119895,0.2508733,-0.4440265
-0.1930318102188625,-1.378780271126029,-0.1071741807881566,-0.17859289,-1.1659467,-0.10293828
-0.3325285307608697,0.3067432080459878,1.7903359052972156,-0.27316839,0.25169584,1.5429925
-0.3562735761340631,-1.7501404600112933,-0.3601755255995402,-0.23214014,-1.4726778,-0.2883834
1.2156077646761765,0.0930767600510916,0.9891649800611702,1.0394058,0.115635924,0.8416043
-0.3924403201656704,-1.5004103977846484,-0.2758417439957447,-0.322416,-1.2733628,-0.23598127
-0.3562735761340631,-1.7501404600112933,-0.3601755255995402,-0.23214014,-1.4726778,-0.2883834
-0.6463810425440487,0.1358291421737789,-0.9083451060242022,-0.54871464,0.10358354,-0.78901315
0.5767767559051847,-0.2934185641943123,0.6153743452771983,0.50119895,-0.2818608,0.5230533
0.239573742207419,-0.018715816854753,-0.6131768704109208,0.1738181,0.024724217,-0.5025738
-0.6463810425440487,0.1358291421737789,-0.9083451060242022,-0.54871464,0.10358354,-0.78901315
-2.081030763738692,0.0091132705609736,-0.9505119968261,-1.7457492,0.06470263,-0.7921844
-1.9857334464928411,-0.484893412407306,-2.215518720883015,-1.683086,-0.40142745,-1.8803703
0.239573742207419,-0.018715816854753,-0.6131768704109208,0.1738181,0.024724217,-0.5025738
-0.4207629164363726,2.95634767709298,1.4530007788820396,-0.33162725,2.5223126,1.2587451
0.2568046161466148,1.0172660559363758,1.6638352328915254,0.19345564,0.8566778,1.4335402
-0.6463810425440487,0.1358291421737789,-0.9083451060242022,-0.54871464,0.10358354,-0.78901315
-1.985435199804674,0.2518669137017295,-0.3180086347976425,-1.718136,0.19748586,-0.26617762
0.2024393611413101,-1.303588717536631,-0.9926788876279976,0.1787186,-1.1283662,-0.8257575
1.8420303208297435,0.396288852094476,-0.3601755255995402,1.5681412,0.37756193,-0.29033956
0.9797529926203732,0.5567370804615919,-0.0650072899862589,0.84102726,0.43597806,-0.06059499
-1.9857334464928411,-0.484893412407306,-2.215518720883015,-1.683086,-0.40142745,-1.8803703
1.8420303208297435,0.396288852094476,-0.3601755255995402,1.5681412,0.37756193,-0.29033956
-0.3325285307608697,0.3067432080459878,1.7903359052972156,-0.27316839,0.25169584,1.5429925
1.2156077646761765,0.0930767600510916,0.9891649800611702,1.0394058,0.115635924,0.8416043
-0.3562735761340631,-1.7501404600112933,-0.3601755255995402,-0.23214014,-1.4726778,-0.2883834
0.2026273363964781,0.3329919193191797,-0.9083451060242022,0.1637195,0.2508733,-0.78901315
0.7295589439744146,-0.8762567137464611,1.916836577702909,0.62654394,-0.74258995,1.6203246
0.2568046161466148,1.0172660559363758,1.6638352328915254,0.19345564,0.8566778,1.4335402
0.9424333069675356,1.7336297650420915,-0.5288430888071284,0.8063454,1.4759293,-0.44653475
1.325394764457715,-0.5000077824441818,0.3144947272308149,1.1332967,-0.36626998,0.27032426
1.8420303208297435,0.396288852094476,-0.3601755255995402,1.5681412,0.37756193,-0.29033956
0.2024393611413101,-1.303588717536631,-0.9926788876279976,0.1787186,-1.1283662,-0.8257575
-0.1930318102188625,-1.378780271126029,-0.1071741807881566,-0.17859289,-1.1659467,-0.10293828
-1.9857334464928411,-0.484893412407306,-2.215518720883015,-1.683086,-0.40142745,-1.8803703
-0.4207629164363726,2.95634767709298,1.4530007788820396,-0.33162725,2.5223126,1.2587451
0.9424333069675356,1.7336297650420915,-0.5288430888071284,0.8063454,1.4759293,-0.44653475
0.239573742207419,-0.018715816854753,-0.6131768704109208,0.1738181,0.024724217,-0.5025738
-1.985435199804674,0.2518669137017295,-0.3180086347976425,-1.718136,0.19748586,-0.26617762
-0.3562735761340631,-1.7501404600112933,-0.3601755255995402,-0.23214014,-1.4726778,-0.2883834
0.5786584910264272,-0.3485836582951384,0.6096629628440963,0.50119895,-0.2818608,0.5230533
0.7295589439744146,-0.8762567137464611,1.916836577702909,0.62654394,-0.74258995,1.6203246
-0.1443179207895172,0.1793802176413217,-0.3180086347976425,-0.10917335,0.15830934,-0.27441898
1.2156077646761765,0.0930767600510916,0.9891649800611702,1.0394058,0.115635924,0.8416043
-0.3325285307608697,0.3067432080459878,1.7903359052972156,-0.27316839,0.25169584,1.5429925
1.2156077646761765,0.0930767600510916,0.9891649800611702,1.0394058,0.115635924,0.8416043
0.2024393611413101,-1.303588717536631,-0.9926788876279976,0.1787186,-1.1283662,-0.8257575
0.239573742207419,-0.018715816854753,-0.6131768704109208,0.1738181,0.024724217,-0.5025738
0.2024393611413101,-1.303588717536631,-0.9926788876279976,0.1787186,-1.1283662,-0.8257575
-0.3325285307608697,0.3067432080459878,1.7903359052972156,-0.27316839,0.25169584,1.5429925
0.5786584910264272,-0.3485836582951384,0.6096629628440963,0.50119895,-0.2818608,0.5230533
-1.985435199804674,0.2518669137017295,-0.3180086347976425,-1.718136,0.19748586,-0.26617762
-0.1930318102188625,-1.378780271126029,-0.1071741807881566,-0.17859289,-1.1659467,-0.10293828
-0.4207629164363726,2.95634767709298,1.4530007788820396,-0.33162725,2.5223126,1.2587451
0.5830634787096943,0.3489756529280555,-0.5288430888071284,0.50119895,0.2508733,-0.4440265
0.9424333069675356,1.7336297650420915,-0.5288430888071284,0.8063454,1.4759293,-0.44653475
-0.1443179207895172,0.1793802176413217,-0.3180086347976425,-0.10917335,0.15830934,-0.27441898
-0.1443179207895172,0.1793802176413217,-0.3180086347976425,-0.10917335,0.15830934,-0.27441898
1.2156077646761765,0.0930767600510916,0.9891649800611702,1.0394058,0.115635924,0.8416043
1.325394764457715,-0.5000077824441818,0.3144947272308149,1.1332967,-0.36626998,0.27032426
-0.1443179207895172,0.1793802176413217,-0.3180086347976425,-0.10917335,0.15830934,-0.27441898
0.2568046161466148,1.0172660559363758,1.6638352328915254,0.19345564,0.8566778,1.4335402
-1.9857334464928411,-0.484893412407306,-2.215518720883015,-1.683086,-0.40142745,-1.8803703
-1.9857334464928411,-0.484893412407306,-2.215518720883015,-1.683086,-0.40142745,-1.8803703
-2.081030763738692,0.0091132705609736,-0.9505119968261,-1.7457492,0.06470263,-0.7921844
0.7295589439744146,-0.8762567137464611,1.916836577702909,0.62654394,-0.74258995,1.6203246
-2.081030763738692,0.0091132705609736,-0.9505119968261,-1.7457492,0.06470263,-0.7921844
0.2026273363964781,0.3329919193191797,-0.9083451060242022,0.1637195,0.2508733,-0.78901315
-0.3924403201656704,-1.5004103977846484,-0.2758417439957447,-0.322416,-1.2733628,-0.23598127
1.325394764457715,-0.5000077824441818,0.3144947272308149,1.1332967,-0.36626998,0.27032426
0.7295589439744146,-0.8762567137464611,1.916836577702909,0.62654394,-0.74258995,1.6203246
-0.3924403201656704,-1.5004103977846484,-0.2758417439957447,-0.322416,-1.2733628,-0.23598127
-1.9857334464928411,-0.484893412407306,-2.215518720883015,-1.683086,-0.40142745,-1.8803703
1.325394764457715,-0.5000077824441818,0.3144947272308149,1.1332967,-0.36626998,0.27032426
1.2156077646761765,0.0930767600510916,0.9891649800611702,1.0394058,0.115635924,0.8416043
-0.6463810425440487,0.1358291421737789,-0.9083451060242022,-0.54871464,0.10358354,-0.78901315
-2.081030763738692,0.0091132705609736,-0.9505119968261,-1.7457492,0.06470263,-0.7921844
0.7295589439744146,-0.8762567137464611,1.916836577702909,0.62654394,-0.74258995,1.6203246
0.5830634787096943,0.3489756529280555,-0.5288430888071284,0.50119895,0.2508733,-0.4440265
-0.3325285307608697,0.3067432080459878,1.7903359052972156,-0.27316839,0.25169584,1.5429925
0.239573742207419,-0.018715816854753,-0.6131768704109208,0.1738181,0.024724217,-0.5025738
-1.985435199804674,0.2518669137017295,-0.3180086347976425,-1.718136,0.19748586,-0.26617762
0.7458655950865205,-0.9388123925657262,1.9630379286632542,0.62654394,-0.73978883,1.6203246
1.2156077646761765,0.0930767600510916,0.9891649800611702,1.0394058,0.115635924,0.8416043
0.5830634787096943,0.3489756529280555,-0.5288430888071284,0.50119895,0.2508733,-0.4440265
0.5830634787096943,0.3489756529280555,-0.5288430888071284,0.50119895,0.2508733,-0.4440265
1.8420303208297435,0.396288852094476,-0.3601755255995402,1.5681412,0.37756193,-0.29033956
-0.1930318102188625,-1.378780271126029,-0.1071741807881566,-0.17859289,-1.1659467,-0.10293828
-2.081030763738692,0.0091132705609736,-0.9505119968261,-1.7457492,0.06470263,-0.7921844
-1.9857334464928411,-0.484893412407306,-2.215518720883015,-1.683086,-0.40142745,-1.8803703
-0.3325285307608697,0.3067432080459878,1.7903359052972156,-0.27316839,0.25169584,1.5429925
0.9797529926203732,0.5567370804615919,-0.0650072899862589,0.84102726,0.43597806,-0.06059499
-1.985435199804674,0.2518669137017295,-0.3180086347976425,-1.718136,0.19748586,-0.26617762
-0.6463810425440487,0.1358291421737789,-0.9083451060242022,-0.54871464,0.10358354,-0.78901315
1.8420303208297435,0.396288852094476,-0.3601755255995402,1.5681412,0.37756193,-0.29033956
-1.985435199804674,0.2518669137017295,-0.3180086347976425,-1.718136,0.19748586,-0.26617762
-0.3924403201656704,-1.5004103977846484,-0.2758417439957447,-0.322416,-1.2733628,-0.23598127
-1.9857334464928411,-0.484893412407306,-2.215518720883015,-1.683086,-0.40142745,-1.8803703
-1.9857334464928411,-0.484893412407306,-2.215518720883015,-1.683086,-0.40142745,-1.8803703
-0.1443179207895172,0.1793802176413217,-0.3180086347976425,-0.10917335,0.15830934,-0.27441898
0.2026273363964781,0.3329919193191797,-0.9083451060242022,0.1637195,0.2508733,-0.78901315
-0.1930318102188625,-1.378780271126029,-0.1071741807881566,-0.17859289,-1.1659467,-0.10293828
0.5786584910264272,-0.3485836582951384,0.6096629628440963,0.50119895,-0.2818608,0.5230533
-0.3924403201656704,-1.5004103977846484,-0.2758417439957447,-0.322416,-1.2733628,-0.23598127
-0.8694819753243683,-0.105026324874296,-0.1915079623919492,-0.73523873,-0.07235301,-0.17133087
0.2568046161466148,1.0172660559363758,1.6638352328915254,0.19345564,0.8566778,1.4335402
0.9797529926203732,0.5567370804615919,-0.0650072899862589,0.84102726,0.43597806,-0.06059499
0.2568046161466148,1.0172660559363758,1.6638352328915254,0.19345564,0.8566778,1.4335402
-0.3562735761340631,-1.7501404600112933,-0.3601755255995402,-0.23214014,-1.4726778,-0.2883834
-0.1930318102188625,-1.378780271126029,-0.1071741807881566,-0.17859289,-1.1659467,-0.10293828
0.9424333069675356,1.7336297650420915,-0.5288430888071284,0.8063454,1.4759293,-0.44653475
0.7295589439744146,-0.8762567137464611,1.916836577702909,0.62654394,-0.74258995,1.6203246
0.5786584910264272,-0.3485836582951384,0.6096629628440963,-0.26087528,0.019919604,-0.1335159
0.2024393611413101,-1.303588717536631,-0.9926788876279976,0.1787186,-1.1283662,-0.8257575
0.5830634787096943,0.3489756529280555,-0.5288430888071284,0.50119895,0.2508733,-0.4440265
0.7295589439744146,-0.8762567137464611,1.916836577702909,0.62654394,-0.74258995,1.6203246
-0.1443179207895172,0.1793802176413217,-0.3180086347976425,-0.10917335,0.15830934,-0.27441898
1.8420303208297435,0.396288852094476,-0.3601755255995402,-0.2974144,0.21617274,-0.5218674
0.9797529926203732,0.5567370804615919,-0.0650072899862589,0.84102726,0.43597806,-0.06059499
0.5786584910264272,-0.3485836582951384,0.6096629628440963,0.50119895,-0.2818608,0.5230533
0.5830634787096943,0.3489756529280555,-0.5288430888071284,0.50119895,0.2508733,-0.4440265
0.5786584910264272,-0.3485836582951384,0.6096629628440963,0.50119895,-0.2818608,0.5230533
1.2156077646761765,0.0930767600510916,0.9891649800611702,1.0394058,0.115635924,0.8416043
-1.985435199804674,0.2518669137017295,-0.3180086347976425,-1.718136,0.19748586,-0.26617762
-0.4207629164363726,2.95634767709298,1.4530007788820396,-0.33162725,2.5223126,1.2587451
-2.081030763738692,0.0091132705609736,-0.9505119968261,-1.7457492,0.06470263,-0.7921844
-0.1443179207895172,0.1793802176413217,-0.3180086347976425,-0.10917335,0.15830934,-0.27441898
-0.6463810425440487,0.1358291421737789,-0.9083451060242022,-0.54871464,0.10358354,-0.78901315
-0.3562735761340631,-1.7501404600112933,-0.3601755255995402,-0.23214014,-1.4726778,-0.2883834
0.9797529926203732,0.5567370804615919,-0.0650072899862589,0.84102726,0.43597806,-0.06059499
0.2568046161466148,1.0172660559363758,1.6638352328915254,0.19345564,0.8566778,1.4335402
0.239573742207419,-0.018715816854753,-0.6131768704109208,0.1738181,0.024724217,-0.5025738
0.5830634787096943,0.3489756529280555,-0.5288430888071284,0.50119895,0.2508733,-0.4440265
0.5786584910264272,-0.3485836582951384,0.6096629628440963,0.50119895,-0.2818608,0.5230533
-0.6463810425440487,0.1358291421737789,-0.9083451060242022,-0.54871464,0.10358354,-0.78901315
-0.3325285307608697,0.3067432080459878,1.7903359052972156,-0.27316839,0.25169584,1.5429925
0.7295589439744146,-0.8762567137464611,1.916836577702909,0.62654394,-0.74258995,1.6203246
1.8420303208297435,0.396288852094476,-0.3601755255995402,1.5681412,0.37756193,-0.29033956
0.5786584910264272,-0.3485836582951384,0.6096629628440963,0.50119895,-0.2818608,0.5230533
0.5830634787096943,0.3489756529280555,-0.5288430888071284,0.50119895,0.2508733,-0.4440265
-0.3562735761340631,-1.7501404600112933,-0.3601755255995402,-0.23214014,-1.4726778,-0.2883834
-0.1443179207895172,0.1793802176413217,-0.3180086347976425,-0.29029003,-0.14846808,-0.24646844
0.2026273363964781,0.3329919193191797,-0.9083451060242022,0.1637195,0.2508733,-0.78901315
0.7295589439744146,-0.8762567137464611,1.916836577702909,0.62654394,-0.74258995,1.6203246
-0.4207629164363726,2.95634767709298,1.4530007788820396,-0.33162725,2.5223126,1.2587451
-0.1930318102188625,-1.378780271126029,-0.1071741807881566,-0.17859289,-1.1659467,-0.10293828
-0.1930318102188625,-1.378780271126029,-0.1071741807881566,-0.17859289,-1.1659467,-0.10293828
-0.1443179207895172,0.1793802176413217,-0.3180086347976425,-0.10917335,0.15830934,-0.27441898
0.3094723832560785,-0.0518429599688844,0.9048311984573746,0.26820207,-0.054581963,0.78765976
0.3094723832560785,-0.0518429599688844,0.9048311984573746,0.26820207,-0.054581963,0.78765976
0.5830634787096943,0.3489756529280555,-0.5288430888071284,0.50119895,0.2508733,-0.4440265
0.7295589439744146,-0.8762567137464611,1.916836577702909,0.62654394,-0.74258995,1.6203246
-2.081030763738692,0.0091132705609736,-0.9505119968261,-1.7457492,0.06470263,-0.7921844
0.7295589439744146,-0.8762567137464611,1.916836577702909,-0.11893904,1.1414013,1.0750397
0.3094723832560785,-0.0518429599688844,0.9048311984573746,0.26820207,-0.054581963,0.78765976
-2.081030763738692,0.0091132705609736,-0.9505119968261,-1.7457492,0.06470263,-0.7921844
-0.3924403201656704,-1.5004103977846484,-0.2758417439957447,-0.322416,-1.2733628,-0.23598127
-0.3562735761340631,-1.7501404600112933,-0.3601755255995402,-0.23214014,-1.4726778,-0.2883834
0.5786584910264272,-0.3485836582951384,0.6096629628440963,0.50119895,-0.2818608,0.5230533
-2.081030763738692,0.0091132705609736,-0.9505119968261,-1.7457492,0.06470263,-0.7921844
0.5441482424395787,0.3587679156829396,-0.57776172768788,0.84102726,0.21993439,-0.42747957
0.7295589439744146,-0.8762567137464611,1.916836577702909,0.62654394,-0.74258995,1.6203246
-0.3562735761340631,-1.7501404600112933,-0.3601755255995402,-0.23214014,-1.4726778,-0.2883834
-0.1930318102188625,-1.378780271126029,-0.1071741807881566,-0.17859289,-1.1659467,-0.10293828
-1.9857334464928411,-0.484893412407306,-2.215518720883015,-1.683086,-0.40142745,-1.8803703
0.2024393611413101,-1.303588717536631,-0.9926788876279976,0.1787186,-1.1283662,-0.8257575
0.3094723832560785,-0.0518429599688844,0.9048311984573746,0.26820207,-0.054581963,0.78765976
0.2026273363964781,0.3329919193191797,-0.9083451060242022,0.1637195,0.2508733,-0.78901315
0.2024393611413101,-1.303588717536631,-0.9926788876279976,0.1787186,-1.1283662,-0.8257575
-1.9857334464928411,-0.484893412407306,-2.215518720883015,-1.683086,-0.40142745,-1.8803703
-2.081030763738692,0.0091132705609736,-0.9505119968261,-1.7457492,0.06470263,-0.7921844
0.5786584910264272,-0.3485836582951384,0.6096629628440963,0.50119895,-0.2818608,0.5230533
-0.3562735761340631,-1.7501404600112933,-0.3601755255995402,-0.23214014,-1.4726778,-0.2883834
1.2156077646761765,0.0930767600510916,0.9891649800611702,1.0394058,0.115635924,0.8416043
-0.8694819753243683,-0.105026324874296,-0.1915079623919492,-0.73523873,-0.07235301,-0.17133087
0.239573742207419,-0.018715816854753,-0.6131768704109208,0.1738181,0.024724217,-0.5025738
-1.985435199804674,0.2518669137017295,-0.3180086347976425,-1.718136,0.19748586,-0.26617762
-0.1443179207895172,0.1793802176413217,-0.3180086347976425,-0.10917335,0.15830934,-0.27441898
1.325394764457715,-0.5000077824441818,0.3144947272308149,1.1332967,-0.36626998,0.27032426
0.3094723832560785,-0.0518429599688844,0.9048311984573746,0.26820207,-0.054581963,0.78765976
-1.9857334464928411,-0.484893412407306,-2.215518720883015,-1.683086,-0.40142745,-1.8803703
0.9797529926203732,0.5567370804615919,-0.0650072899862589,0.84102726,0.43597806,-0.06059499
-1.985435199804674,0.2518669137017295,-0.3180086347976425,-1.718136,0.19748586,-0.26617762
0.2568046161466148,1.0172660559363758,1.6638352328915254,0.19345564,0.8566778,1.4335402
-0.3325285307608697,0.3067432080459878,1.7903359052972156,-0.27316839,0.25169584,1.5429925
1.325394764457715,-0.5000077824441818,0.3144947272308149,1.1332967,-0.36626998,0.27032426
0.5830634787096943,0.3489756529280555,-0.5288430888071284,-0.1976556,0.019919604,-0.12929536
0.9797529926203732,0.5567370804615919,-0.0650072899862589,0.84102726,0.43597806,-0.06059499
0.2568046161466148,1.0172660559363758,1.6638352328915254,0.19345564,0.8566778,1.4335402
-1.9857334464928411,-0.484893412407306,-2.215518720883015,-1.683086,-0.40142745,-1.8803703
-1.985435199804674,0.2518669137017295,-0.3180086347976425,-1.718136,0.19748586,-0.26617762
0.9424333069675356,1.7336297650420915,-0.5288430888071284,0.8063454,1.4759293,-0.44653475
0.3094723832560785,-0.0518429599688844,0.9048311984573746,0.26820207,-0.054581963,0.78765976
-0.3325285307608697,0.3067432080459878,1.7903359052972156,-0.27316839,0.25169584,1.5429925
-0.1930318102188625,-1.378780271126029,-0.1071741807881566,-0.17859289,-1.1659467,-0.10293828
1.325394764457715,-0.5000077824441818,0.3144947272308149,1.1332967,-0.36626998,0.27032426
0.7295589439744146,-0.8762567137464611,1.916836577702909,0.62654394,-0.74258995,1.6203246
0.3094723832560785,-0.0518429599688844,0.9048311984573746,0.26820207,-0.054581963,0.78765976
-1.9857334464928411,-0.484893412407306,-2.215518720883015,-1.690771,-0.4118189,-1.8865839
1.8420303208297435,0.396288852094476,-0.3601755255995402,1.5649843,0.37458777,-0.30450565
1.8420303208297435,0.396288852094476,-0.3601755255995402,1.5649843,0.37458777,-0.30450565
0.9424333069675356,1.7336297650420915,-0.5288430888071284,0.80552745,1.4776403,-0.44865212
-0.6463810425440487,0.1358291421737789,-0.9083451060242022,-0.54726255,0.08248846,-0.79233694
1.325394764457715,-0.5000077824441818,0.3144947272308149,1.1290414,-0.35818583,0.2681645
0.5830634787096943,0.3489756529280555,-0.5288430888071284,0.4976852,0.24961515,-0.44863796
-0.6463810425440487,0.1358291421737789,-0.9083451060242022,-0.54726255,0.08248846,-0.79233694
0.2024393611413101,-1.303588717536631,-0.9926788876279976,0.17240252,-1.1324885,-0.8236424
1.332909852530809,-0.5181883930548745,0.3116474460447615,1.1290414,-0.27486384,0.5204027
-0.3325285307608697,0.3067432080459878,1.7903359052972156,-0.23389128,0.24214694,1.5395619
-0.1443179207895172,0.1793802176413217,-0.3180086347976425,-0.11942429,0.15204166,-0.2757172
0.239573742207419,-0.018715816854753,-0.6131768704109208,0.17675565,0.00658347,-0.5024121
0.7295589439744146,-0.8762567137464611,1.916836577702909,0.6239145,-0.7469332,1.6185386
0.2026273363964781,0.3329919193191797,-0.9083451060242022,0.17240252,0.2559128,-0.79233694
0.7295589439744146,-0.8762567137464611,1.916836577702909,0.6239145,-0.7469332,1.6185386
-0.1443179207895172,0.1793802176413217,-0.3180086347976425,-0.11942429,0.15204166,-0.2757172
-0.3562735761340631,-1.7501404600112933,-0.3601755255995402,-0.23335797,-1.4793587,-0.29328993
-0.1930318102188625,-1.378780271126029,-0.1071741807881566,-0.23335797,-1.165338,-0.10745191
0.5786584910264272,-0.3485836582951384,0.6096629628440963,0.4976852,-0.2889872,0.5204027
0.9424333069675356,1.7336297650420915,-0.5288430888071284,0.80552745,1.4776403,-0.44865212
-2.081030763738692,0.0091132705609736,-0.9505119968261,-1.7506998,0.05199684,-0.80783856
1.325394764457715,-0.5000077824441818,0.3144947272308149,1.1290414,-0.35818583,0.2681645
0.7295589439744146,-0.8762567137464611,1.916836577702909,0.6239145,-0.7469332,1.6185386
0.7295589439744146,-0.8762567137464611,1.916836577702909,0.6239145,-0.7469332,1.6185386
0.239573742207419,-0.018715816854753,-0.6131768704109208,0.17675565,0.00658347,-0.5024121
1.8420303208297435,0.396288852094476,-0.3601755255995402,1.5649843,0.37458777,-0.30450565
-0.8694819753243683,-0.105026324874296,-0.1915079623919492,-0.73784965,-0.0878913,-0.17038673
0.5830634787096943,0.3489756529280555,-0.5288430888071284,0.4976852,0.24961515,-0.44863796
0.9424333069675356,1.7336297650420915,-0.5288430888071284,0.80552745,1.4776403,-0.44865212
-0.3325285307608697,0.3067432080459878,1.7903359052972156,-0.23389128,0.24214694,1.5395619
0.239573742207419,-0.018715816854753,-0.6131768704109208,0.17675565,0.00658347,-0.5024121
1.2156077646761765,0.0930767600510916,0.9891649800611702,1.0362389,0.10046888,0.8378189
-0.1930318102188625,-1.378780271126029,-0.1071741807881566,-0.23335797,-1.165338,-0.10745191
0.9424333069675356,1.7336297650420915,-0.5288430888071284,0.80552745,1.4776403,-0.44865212
-1.985435199804674,0.2518669137017295,-0.3180086347976425,-1.7216066,0.18752985,-0.26958892
-0.3924403201656704,-1.5004103977846484,-0.2758417439957447,-0.31722215,-1.2761694,-0.24429089
-0.3924403201656704,-1.5004103977846484,-0.2758417439957447,-0.31722215,-1.2761694,-0.24429089
0.2568046161466148,1.0172660559363758,1.6638352328915254,0.1798099,0.8630756,1.4311744
-0.34177363758301915,0.28060705702003585,1.84278636658906,-0.23389128,0.21971959,1.6185386
-1.9610675514487967,-0.4756516062225623,-2.2584366098920756,-0.6760939,-0.4118189,-0.47138464
-2.081030763738692,0.0091132705609736,-0.9505119968261,-1.7506998,0.05199684,-0.80783856
0.7295589439744146,-0.8762567137464611,1.916836577702909,0.6239145,-0.7469332,1.6185386
0.239573742207419,-0.018715816854753,-0.6131768704109208,0.17675565,0.00658347,-0.5024121
0.7295589439744146,-0.8762567137464611,1.916836577702909,0.6239145,-0.7469332,1.6185386
-0.4207629164363726,2.95634767709298,1.4530007788820396,-0.32507688,2.5200808,1.2557068
0.5786584910264272,-0.3485836582951384,0.6096629628440963,0.4976852,-0.2889872,0.5204027
-0.1930318102188625,-1.378780271126029,-0.1071741807881566,-0.23335797,-1.165338,-0.10745191
0.7295589439744146,-0.8762567137464611,1.916836577702909,0.6239145,-0.7469332,1.6185386
-1.9857334464928411,-0.484893412407306,-2.215518720883015,-1.690771,-0.4118189,-1.8865839
-0.6463810425440487,0.1358291421737789,-0.9083451060242022,-0.54726255,0.08248846,-0.79233694
-1.985435199804674,0.2518669137017295,-0.3180086347976425,-1.7216066,0.18752985,-0.26958892
0.2024393611413101,-1.303588717536631,-0.9926788876279976,0.17240252,-1.1324885,-0.8236424
-0.8323187706232326,-0.09648305296789891,-0.20070712920958317,0.4976852,-0.0878913,-0.07851689
0.7295589439744146,-0.8762567137464611,1.916836577702909,0.6239145,-0.7469332,1.6185386
0.239573742207419,-0.018715816854753,-0.6131768704109208,0.17675565,0.00658347,-0.5024121
0.9797529926203732,0.5567370804615919,-0.0650072899862589,0.837779,0.4442405,-0.063957736
1.325394764457715,-0.5000077824441818,0.3144947272308149,1.1290414,-0.35818583,0.2681645
0.2568046161466148,1.0172660559363758,1.6638352328915254,0.1798099,0.8630756,1.4311744
0.7295589439744146,-0.8762567137464611,1.916836577702909,0.6239145,-0.7469332,1.6185386
-2.081030763738692,0.0091132705609736,-0.9505119968261,-1.7506998,0.05199684,-0.80783856
0.3094723832560785,-0.0518429599688844,0.9048311984573746,0.26448137,-0.04805867,0.785264
-0.6463810425440487,0.1358291421737789,-0.9083451060242022,-0.54726255,0.08248846,-0.79233694
0.7295589439744146,-0.8762567137464611,1.916836577702909,0.6239145,-0.7469332,1.6185386
-0.1443179207895172,0.1793802176413217,-0.3180086347976425,-0.11942429,0.15204166,-0.2757172
-0.3924403201656704,-1.5004103977846484,-0.2758417439957447,-0.31722215,-1.2761694,-0.24429089
0.2026273363964781,0.3329919193191797,-0.9083451060242022,0.17240252,0.2559128,-0.79233694
-1.985435199804674,0.2518669137017295,-0.3180086347976425,-1.7216066,0.18752985,-0.26958892
-2.081030763738692,0.0091132705609736,-0.9505119968261,-1.7506998,0.05199684,-0.80783856
-0.1443179207895172,0.1793802176413217,-0.3180086347976425,-0.11942429,0.15204166,-0.2757172
0.2024393611413101,-1.303588717536631,-0.9926788876279976,0.17240252,-1.1324885,-0.8236424
-0.1443179207895172,0.1793802176413217,-0.3180086347976425,-0.11942429,0.15204166,-0.2757172
-0.1930318102188625,-1.378780271126029,-0.1071741807881566,-0.23335797,-1.165338,-0.10745191
-1.985435199804674,0.2518669137017295,-0.3180086347976425,-1.7216066,0.18752985,-0.26958892
1.325394764457715,-0.5000077824441818,0.3144947272308149,1.1290414,-0.35818583,0.2681645
-0.3924403201656704,-1.5004103977846484,-0.2758417439957447,-0.31722215,-1.2761694,-0.24429089
-1.985435199804674,0.2518669137017295,-0.3180086347976425,-1.7216066,0.18752985,-0.26958892
-1.9857334464928411,-0.484893412407306,-2.215518720883015,-1.690771,-0.4118189,-1.8865839
0.5830634787096943,0.3489756529280555,-0.5288430888071284,0.4976852,0.24961515,-0.44863796
-0.1930318102188625,-1.378780271126029,-0.1071741807881566,-0.23335797,-1.165338,-0.10745191
0.9797529926203732,0.5567370804615919,-0.0650072899862589,0.837779,0.4442405,-0.063957736
1.325394764457715,-0.5000077824441818,0.3144947272308149,1.1290414,-0.35818583,0.2681645
-0.4207629164363726,2.95634767709298,1.4530007788820396,-0.32507688,2.5200808,1.2557068
1.1115112942819905,0.1778995784655935,0.9997158534213011,1.0362389,0.39612105,1.2557068
-0.1930318102188625,-1.378780271126029,-0.1071741807881566,-0.23335797,-1.165338,-0.10745191
0.5830634787096943,0.3489756529280555,-0.5288430888071284,0.4976852,0.24961515,-0.44863796
0.5830634787096943,0.3489756529280555,-0.5288430888071284,0.4976852,0.24961515,-0.44863796
-2.081030763738692,0.0091132705609736,-0.9505119968261,-1.7506998,0.05199684,-0.80783856
0.5830634787096943,0.3489756529280555,-0.5288430888071284,0.4976852,0.24961515,-0.44863796
-0.1930318102188625,-1.378780271126029,-0.1071741807881566,-0.23335797,-1.165338,-0.10745191
0.2026273363964781,0.3329919193191797,-0.9083451060242022,0.17240252,0.2559128,-0.79233694
-1.985435199804674,0.2518669137017295,-0.3180086347976425,-1.7216066,0.18752985,-0.26958892
0.2026273363964781,0.3329919193191797,-0.9083451060242022,0.17240252,0.2559128,-0.79233694
0.5830634787096943,0.3489756529280555,-0.5288430888071284,0.4976852,0.24961515,-0.44863796
0.5830634787096943,0.3489756529280555,-0.5288430888071284,0.4976852,0.24961515,-0.44863796
-0.1443179207895172,0.1793802176413217,-0.3180086347976425,-0.11942429,0.15204166,-0.2757172
-0.6463810425440487,0.1358291421737789,-0.9083451060242022,-0.54726255,0.08248846,-0.79233694
-0.3924403201656704,-1.5004103977846484,-0.2758417439957447,-0.31722215,-1.2761694,-0.24429089
0.9424333069675356,1.7336297650420915,-0.5288430888071284,0.80552745,1.4776403,-0.44865212
0.5786584910264272,-0.3485836582951384,0.6096629628440963,0.4976852,-0.2889872,0.5204027
1.2156077646761765,0.0930767600510916,0.9891649800611702,1.0362389,0.10046888,0.8378189
1.2156077646761765,0.0930767600510916,0.9891649800611702,1.0362389,0.10046888,0.8378189
1.8420303208297435,0.396288852094476,-0.3601755255995402,1.5649843,0.37458777,-0.30450565
-0.23919347252440773,-1.4463645014068458,-0.15596784343702325,-0.23335797,-1.165338,-0.10745191
0.3094723832560785,-0.0518429599688844,0.9048311984573746,0.26448137,-0.04805867,0.785264
-0.8694819753243683,-0.105026324874296,-0.1915079623919492,-0.73784965,-0.0878913,-0.17038673
-2.081030763738692,0.0091132705609736,-0.9505119968261,-1.7506998,0.05199684,-0.80783856
-0.1930318102188625,-1.378780271126029,-0.1071741807881566,-0.23335797,-1.165338,-0.10745191
0.3094723832560785,-0.0518429599688844,0.9048311984573746,0.26448137,-0.04805867,0.785264
-0.1930318102188625,-1.378780271126029,-0.1071741807881566,-0.23335797,-1.165338,-0.10745191
0.5830634787096943,0.3489756529280555,-0.5288430888071284,0.4976852,0.24961515,-0.44863796
-0.6463810425440487,0.1358291421737789,-0.9083451060242022,-0.54726255,0.08248846,-0.79233694
0.2026273363964781,0.3329919193191797,-0.9083451060242022,0.17240252,0.2559128,-0.79233694
0.5786584910264272,-0.3485836582951384,0.6096629628440963,0.4976852,-0.2889872,0.5204027
-2.081030763738692,0.0091132705609736,-0.9505119968261,-1.7506998,0.05199684,-0.80783856
-2.081030763738692,0.0091132705609736,-0.9505119968261,-1.7506998,0.05199684,-0.80783856
0.2024393611413101,-1.303588717536631,-0.9926788876279976,0.17240252,-1.1324885,-0.8236424
0.239573742207419,-0.018715816854753,-0.6131768704109208,0.17675565,0.00658347,-0.5024121
1.8420303208297435,0.396288852094476,-0.3601755255995402,1.5649843,0.37458777,-0.30450565
0.9424333069675356,1.7336297650420915,-0.5288430888071284,0.80552745,1.4776403,-0.44865212
0.2026273363964781,0.3329919193191797,-0.9083451060242022,0.17240252,0.2559128,-0.79233694
-0.3924403201656704,-1.5004103977846484,-0.2758417439957447,-0.31722215,-1.2761694,-0.24429089
0.5786584910264272,-0.3485836582951384,0.6096629628440963,0.4976852,-0.2889872,0.5204027
-1.985435199804674,0.2518669137017295,-0.3180086347976425,-1.7216066,0.18752985,-0.26958892
0.9797529926203732,0.5567370804615919,-0.0650072899862589,0.837779,0.4442405,-0.063957736
1.325394764457715,-0.5000077824441818,0.3144947272308149,1.1290414,-0.35818583,0.2681645
-0.3325285307608697,0.3067432080459878,1.7903359052972156,-0.23389128,0.24214694,1.5395619
-0.6463810425440487,0.1358291421737789,-0.9083451060242022,-0.54726255,0.08248846,-0.79233694
-0.6463810425440487,0.1358291421737789,-0.9083451060242022,-0.54726255,0.08248846,-0.79233694
0.3094723832560785,-0.0518429599688844,0.9048311984573746,0.26448137,-0.04805867,0.785264
0.9774488009379851,1.7048478737302029,-0.5227425980748603,0.80552745,-1.2761694,-0.44865212
1.2156077646761765,0.0930767600510916,0.9891649800611702,1.0362389,0.10046888,0.8378189
1.2156077646761765,0.0930767600510916,0.9891649800611702,1.0362389,0.10046888,0.8378189
0.9424333069675356,1.7336297650420915,-0.5288430888071284,0.80552745,1.4776403,-0.44865212
-0.4207629164363726,2.95634767709298,1.4530007788820396,-0.32507688,2.5200808,1.2557068
0.9797529926203732,0.5567370804615919,-0.0650072899862589,0.837779,0.4442405,-0.063957736
0.9797529926203732,0.5567370804615919,-0.0650072899862589,0.2684727,0.11246489,0.101300284
-0.1443179207895172,0.1793802176413217,-0.3180086347976425,-0.11942429,0.15204166,-0.2757172
1.2156077646761765,0.0930767600510916,0.9891649800611702,1.0362389,0.10046888,0.8378189
0.3094723832560785,-0.0518429599688844,0.9048311984573746,0.26448137,-0.04805867,0.785264
0.5786584910264272,-0.3485836582951384,0.6096629628440963,0.4976852,-0.2889872,0.5204027
-0.3924403201656704,-1.5004103977846484,-0.2758417439957447,-0.31722215,-1.2761694,-0.24429089
1.2156077646761765,0.0930767600510916,0.9891649800611702,1.0362389,0.10046888,0.8378189
-0.1443179207895172,0.1793802176413217,-0.3180086347976425,-0.11942429,0.15204166,-0.2757172
-0.3562735761340631,-1.7501404600112933,-0.3601755255995402,-0.23335797,-1.4793587,-0.29328993
0.9424333069675356,1.7336297650420915,-0.5288430888071284,0.80552745,1.4776403,-0.44865212
-0.3924403201656704,-1.5004103977846484,-0.2758417439957447,-0.31722215,-1.2761694,-0.24429089
0.5830634787096943,0.3489756529280555,-0.5288430888071284,0.4976852,0.24961515,-0.44863796
-1.985435199804674,0.2518669137017295,-0.3180086347976425,-1.7216066,0.18752985,-0.26958892
0.9797529926203732,0.5567370804615919,-0.0650072899862589,0.837779,0.4442405,-0.063957736
-0.1239052830037936,0.09425103742942967,-0.2665508529313603,-0.11942429,0.10774662,-0.28323624
0.9424333069675356,1.7336297650420915,-0.5288430888071284,0.80552745,1.4776403,-0.44865212
-0.3562735761340631,-1.7501404600112933,-0.3601755255995402,-0.23335797,-1.4793587,-0.29328993
0.2568046161466148,1.0172660559363758,1.6638352328915254,0.1798099,0.8630756,1.4311744
0.3094723832560785,-0.0518429599688844,0.9048311984573746,0.26448137,-0.04805867,0.785264
-1.985435199804674,0.2518669137017295,-0.3180086347976425,-1.7216066,0.18752985,-0.26958892
-1.9857334464928411,-0.484893412407306,-2.215518720883015,-1.690771,-0.4118189,-1.8865839
0.5830634787096943,0.3489756529280555,-0.5288430888071284,0.4976852,0.24961515,-0.44863796
-0.6463810425440487,0.1358291421737789,-0.9083451060242022,-0.54726255,0.08248846,-0.79233694
1.2156077646761765,0.0930767600510916,0.9891649800611702,1.0362389,0.10046888,0.8378189
0.2568046161466148,1.0172660559363758,1.6638352328915254,0.1798099,0.8630756,1.4311744
-0.4207629164363726,2.95634767709298,1.4530007788820396,0.39307967,0.16272898,0.8401154
1.8420303208297435,0.396288852094476,-0.3601755255995402,1.5649843,0.37458777,-0.30450565
-1.9857334464928411,-0.484893412407306,-2.215518720883015,-1.690771,-0.4118189,-1.8865839
-0.6463810425440487,0.1358291421737789,-0.9083451060242022,-0.54726255,0.08248846,-0.79233694
0.2024393611413101,-1.303588717536631,-0.9926788876279976,-0.078253396,0.02580324,-0.27696908
0.2568046161466148,1.0172660559363758,1.6638352328915254,0.1798099,0.8630756,1.4311744
-0.4207629164363726,2.95634767709298,1.4530007788820396,-0.32507688,2.5200808,1.2557068
-0.3325285307608697,0.3067432080459878,1.7903359052972156,-0.23389128,0.24214694,1.5395619
0.239573742207419,-0.018715816854753,-0.6131768704109208,0.17675565,0.00658347,-0.5024121
0.5786584910264272,-0.3485836582951384,0.6096629628440963,0.4976852,-0.2889872,0.5204027
-0.1930318102188625,-1.378780271126029,-0.1071741807881566,-0.23335797,-1.165338,-0.10745191
-0.3325285307608697,0.3067432080459878,1.7903359052972156,-0.23389128,0.24214694,1.5395619
1.325394764457715,-0.5000077824441818,0.3144947272308149,1.1290414,-0.35818583,0.2681645
0.3094723832560785,-0.0518429599688844,0.9048311984573746,0.26448137,-0.04805867,0.785264
-0.8694819753243683,-0.105026324874296,-0.1915079623919492,-0.73784965,-0.0878913,-0.17038673
0.9424333069675356,1.7336297650420915,-0.5288430888071284,0.80552745,1.4776403,-0.44865212
-0.1930318102188625,-1.378780271126029,-0.1071741807881566,-0.23335797,-1.165338,-0.10745191
0.9797529926203732,0.5567370804615919,-0.0650072899862589,0.837779,0.4442405,-0.063957736
-0.3924403201656704,-1.5004103977846484,-0.2758417439957447,-0.31722215,-1.2761694,-0.24429089
0.2026273363964781,0.3329919193191797,-0.9083451060242022,0.17240252,0.2559128,-0.79233694
-0.3924403201656704,-1.5004103977846484,-0.2758417439957447,-0.31722215,-1.2761694,-0.24429089
-1.9857334464928411,-0.484893412407306,-2.215518720883015,-1.690771,-0.4118189,-1.8865839
-0.8694819753243683,-0.105026324874296,-0.1915079623919492,-0.73784965,-0.0878913,-0.17038673
-2.081030763738692,0.0091132705609736,-0.9505119968261,-1.7506998,0.05199684,-0.80783856
1.325394764457715,-0.5000077824441818,0.3144947272308149,1.1290414,-0.35818583,0.2681645
0.5786584910264272,-0.3485836582951384,0.6096629628440963,0.4976852,-0.2889872,0.5204027
-0.1930318102188625,-1.378780271126029,-0.1071741807881566,-0.23335797,-1.165338,-0.10745191
0.7295589439744146,-0.8762567137464611,1.916836577702909,0.6239145,-0.7469332,1.6185386
-0.1443179207895172,0.1793802176413217,-0.3180086347976425,-0.11942429,0.15204166,-0.2757172
0.9951430810649762,0.4712286608287606,-0.13241656109154454,0.837779,0.4442405,-0.063957736
0.7295589439744146,-0.8762567137464611,1.916836577702909,0.6239145,-0.7469332,1.6185386
-0.3904624188690906,2.8923262094681657,1.5407404879812578,0.17836379,2.5200808,1.2557068
1.2156077646761765,0.0930767600510916,0.9891649800611702,1.0362389,0.10046888,0.8378189
-0.4207629164363726,2.95634767709298,1.4530007788820396,-0.32507688,2.5200808,1.2557068
-1.985435199804674,0.2518669137017295,-0.3180086347976425,-1.7216066,0.18752985,-0.26958892
-0.6463810425440487,0.1358291421737789,-0.9083451060242022,-0.54726255,0.08248846,-0.79233694
-1.9595522487812178,0.2155797230440562,-0.3086702965737886,-0.24115714,0.18752985,-0.26958892
-0.3325285307608697,0.3067432080459878,1.7903359052972156,-0.23389128,0.24214694,1.5395619
1.325394764457715,-0.5000077824441818,0.3144947272308149,1.1290414,-0.35818583,0.2681645
0.9424333069675356,1.7336297650420915,-0.5288430888071284,0.80552745,1.4776403,-0.44865212
0.9424333069675356,1.7336297650420915,-0.5288430888071284,0.80552745,1.4776403,-0.44865212
0.2568046161466148,1.0172660559363758,1.6638352328915254,0.1798099,0.8630756,1.4311744
-0.6463810425440487,0.1358291421737789,-0.9083451060242022,-0.54726255,0.08248846,-0.79233694
0.2568046161466148,1.0172660559363758,1.6638352328915254,0.1798099,0.8630756,1.4311744
0.5830634787096943,0.3489756529280555,-0.5288430888071284,0.4976852,0.24961515,-0.44863796
0.3094723832560785,-0.0518429599688844,0.9048311984573746,0.26448137,-0.04805867,0.785264
-0.6463810425440487,0.1358291421737789,-0.9083451060242022,-0.54726255,0.08248846,-0.79233694
0.9797529926203732,0.5567370804615919,-0.0650072899862589,0.837779,0.4442405,-0.063957736
-0.6463810425440487,0.1358291421737789,-0.9083451060242022,-0.54726255,0.08248846,-0.79233694
-0.1443179207895172,0.1793802176413217,-0.3180086347976425,-0.11942429,0.15204166,-0.2757172
-0.3562735761340631,-1.7501404600112933,-0.3601755255995402,-0.23335797,-1.4793587,-0.29328993
0.2024393611413101,-1.303588717536631,-0.9926788876279976,0.17240252,-1.1324885,-0.8236424
0.7295589439744146,-0.8762567137464611,1.916836577702909,0.6239145,-0.7469332,1.6185386
