Observed GDP growth,Observed Inflation,Observed Gini index,Predicted GDP growth,Predicted Inflation,Predicted Gini index
-0.1930318102188625,-1.378780271126029,-0.1071741807881566,0.05448179,-0.37310496,0.19433787
0.9797529926203732,0.5567370804615919,-0.0650072899862589,0.9927217,0.51861894,-0.059588533
0.2568046161466148,1.0172660559363758,1.6638352328915254,0.24354982,1.0230378,1.6635827
0.3094723832560785,-0.0518429599688844,0.9048311984573746,0.30295798,-0.03772608,0.8911449
1.2156077646761765,0.0930767600510916,0.9891649800611702,1.2106731,0.08574109,0.9937295
-2.081030763738692,0.0091132705609736,-0.9505119968261,-2.0646741,0.019529268,-0.9379781
0.2026273363964781,0.3329919193191797,-0.9083451060242022,0.20041105,0.32923177,-0.9093348
-1.985435199804674,0.2518669137017295,-0.3180086347976425,-1.9741652,0.24320604,-0.32680523
-0.8694819753243683,-0.105026324874296,-0.1915079623919492,-0.8810589,-0.07066288,-0.1850237
1.2156077646761765,0.0930767600510916,0.9891649800611702,1.2106731,0.08574109,0.9937295
1.2156077646761765,0.0930767600510916,0.9891649800611702,1.2106731,0.08574109,0.9937295
-2.081030763738692,0.0091132705609736,-0.9505119968261,-2.0646741,0.019529268,-0.9379781
0.2568046161466148,1.0172660559363758,1.6638352328915254,0.24354982,1.0230378,1.6635827
0.3094723832560785,-0.0518429599688844,0.9048311984573746,0.30295798,-0.03772608,0.8911449
-0.4207629164363726,2.95634767709298,1.4530007788820396,-0.40721852,2.9257286,1.4676338
-0.1930318102188625,-1.378780271126029,-0.1071741807881566,-0.21180385,-1.3847259,-0.12272881
0.5786584910264272,-0.3485836582951384,0.6096629628440963,0.57498276,-0.3606293,0.6236905
0.2024393611413101,-1.303588717536631,-0.9926788876279976,0.20011285,-1.3018067,-0.98361796
0.3094723832560785,-0.0518429599688844,0.9048311984573746,0.30295798,-0.03772608,0.8911449
-1.9857334464928411,-0.484893412407306,-2.215518720883015,-1.9845525,-0.48712736,-2.2099237
0.7295589439744146,-0.8762567137464611,1.916836577702909,0.7296343,-0.8524484,1.9015638
0.239573742207419,-0.018715816854753,-0.6131768704109208,0.23195113,-0.0043440512,-0.60277617
-0.3325285307608697,0.3067432080459878,1.7903359052972156,-0.3213819,0.29121152,1.7844865
-0.3924403201656704,-1.5004103977846484,-0.2758417439957447,-0.3897499,-1.4843559,-0.277042
0.9797529926203732,0.5567370804615919,-0.0650072899862589,0.9927217,0.51861894,-0.059588533
-0.1930318102188625,-1.378780271126029,-0.1071741807881566,-0.21180385,-1.3847259,-0.12272881
-0.1443179207895172,0.1793802176413217,-0.3180086347976425,-0.1494064,0.16946849,-0.32603624
0.7295589439744146,-0.8762567137464611,1.916836577702909,0.7296343,-0.8524484,1.9015638
-2.081030763738692,0.0091132705609736,-0.9505119968261,-2.0646741,0.019529268,-0.9379781
0.9424333069675356,1.7336297650420915,-0.5288430888071284,0.9357493,1.7233236,-0.5304351
-2.0216445090755952,-0.04191788041469328,-1.0435037671533813,-1.9372237,-0.24836607,-0.872425
1.325394764457715,-0.5000077824441818,0.3144947272308149,1.330338,-0.46992895,0.2925066
0.2568046161466148,1.0172660559363758,1.6638352328915254,0.24354982,1.0230378,1.6635827
0.2024393611413101,-1.303588717536631,-0.9926788876279976,0.20011285,-1.3018067,-0.98361796
0.5830634787096943,0.3489756529280555,-0.5288430888071284,0.5850402,0.3446091,-0.52837336
-0.4207629164363726,2.95634767709298,1.4530007788820396,-0.40721852,2.9257286,1.4676338
0.2568046161466148,1.0172660559363758,1.6638352328915254,0.24354982,1.0230378,1.6635827
-1.985435199804674,0.2518669137017295,-0.3180086347976425,-1.9741652,0.24320604,-0.32680523
-0.3562735761340631,-1.7501404600112933,-0.3601755255995402,-0.34469712,-1.7290967,-0.33484647
0.2026273363964781,0.3329919193191797,-0.9083451060242022,0.20041105,0.32923177,-0.9093348
-2.081030763738692,0.0091132705609736,-0.9505119968261,-2.0646741,0.019529268,-0.9379781
0.9424333069675356,1.7336297650420915,-0.5288430888071284,0.9357493,1.7233236,-0.5304351
1.2156077646761765,0.0930767600510916,0.9891649800611702,1.2106731,0.08574109,0.9937295
-1.9857334464928411,-0.484893412407306,-2.215518720883015,-1.9845525,-0.48712736,-2.2099237
0.7295589439744146,-0.8762567137464611,1.916836577702909,0.7296343,-0.8524484,1.9015638
0.2024393611413101,-1.303588717536631,-0.9926788876279976,0.20011285,-1.3018067,-0.98361796
-0.3924403201656704,-1.5004103977846484,-0.2758417439957447,-0.3897499,-1.4843559,-0.277042
0.2568046161466148,1.0172660559363758,1.6638352328915254,0.24354982,1.0230378,1.6635827
0.2026273363964781,0.3329919193191797,-0.9083451060242022,0.20041105,0.32923177,-0.9093348
-0.6463810425440487,0.1358291421737789,-0.9083451060242022,-0.65077126,0.12943791,-0.89719
0.2024393611413101,-1.303588717536631,-0.9926788876279976,0.20011285,-1.3018067,-0.98361796
0.34455556566055684,-0.10359686567091644,0.9042269659179613,0.466025,0.15696968,0.95221275
-0.4207629164363726,2.95634767709298,1.4530007788820396,-0.40721852,2.9257286,1.4676338
0.5830634787096943,0.3489756529280555,-0.5288430888071284,0.5850402,0.3446091,-0.52837336
0.2568046161466148,1.0172660559363758,1.6638352328915254,0.24354982,1.0230378,1.6635827
0.2026273363964781,0.3329919193191797,-0.9083451060242022,0.20041105,0.32923177,-0.9093348
0.9424333069675356,1.7336297650420915,-0.5288430888071284,0.9357493,1.7233236,-0.5304351
0.7295589439744146,-0.8762567137464611,1.916836577702909,0.7296343,-0.8524484,1.9015638
-0.3325285307608697,0.3067432080459878,1.7903359052972156,-0.3213819,0.29121152,1.7844865
-0.8694819753243683,-0.105026324874296,-0.1915079623919492,-0.8810589,-0.07066288,-0.1850237
0.7295589439744146,-0.8762567137464611,1.916836577702909,0.7296343,-0.8524484,1.9015638
0.9797529926203732,0.5567370804615919,-0.0650072899862589,0.9927217,0.51861894,-0.059588533
0.2568046161466148,1.0172660559363758,1.6638352328915254,0.24354982,1.0230378,1.6635827
-0.6463810425440487,0.1358291421737789,-0.9083451060242022,-0.65077126,0.12943791,-0.89719
-2.081030763738692,0.0091132705609736,-0.9505119968261,-2.0646741,0.019529268,-0.9379781
0.2026273363964781,0.3329919193191797,-0.9083451060242022,0.20041105,0.32923177,-0.9093348
-0.3924403201656704,-1.5004103977846484,-0.2758417439957447,-0.3897499,-1.4843559,-0.277042
0.5786584910264272,-0.3485836582951384,0.6096629628440963,0.57498276,-0.3606293,0.6236905
0.3094723832560785,-0.0518429599688844,0.9048311984573746,0.30295798,-0.03772608,0.8911449
-0.3924403201656704,-1.5004103977846484,-0.2758417439957447,-0.3897499,-1.4843559,-0.277042
1.325394764457715,-0.5000077824441818,0.3144947272308149,1.330338,-0.46992895,0.2925066
0.7295589439744146,-0.8762567137464611,1.916836577702909,0.7296343,-0.8524484,1.9015638
0.2026273363964781,0.3329919193191797,-0.9083451060242022,0.20041105,0.32923177,-0.9093348
-1.9857334464928411,-0.484893412407306,-2.215518720883015,-1.9845525,-0.48712736,-2.2099237
-0.3325285307608697,0.3067432080459878,1.7903359052972156,-0.3213819,0.29121152,1.7844865
-0.8694819753243683,-0.105026324874296,-0.1915079623919492,-0.8810589,-0.07066288,-0.1850237
-0.3325285307608697,0.3067432080459878,1.7903359052972156,-0.3213819,0.29121152,1.7844865
0.7295589439744146,-0.8762567137464611,1.916836577702909,0.7296343,-0.8524484,1.9015638
1.2156077646761765,0.0930767600510916,0.9891649800611702,1.2106731,0.08574109,0.9937295
-2.081030763738692,0.0091132705609736,-0.9505119968261,-2.0646741,0.019529268,-0.9379781
-0.4207629164363726,2.95634767709298,1.4530007788820396,-0.40721852,2.9257286,1.4676338
0.3094723832560785,-0.0518429599688844,0.9048311984573746,0.30295798,-0.03772608,0.8911449
0.2568046161466148,1.0172660559363758,1.6638352328915254,0.24354982,1.0230378,1.6635827
0.239573742207419,-0.018715816854753,-0.6131768704109208,0.23195113,-0.0043440512,-0.60277617
-0.3562735761340631,-1.7501404600112933,-0.3601755255995402,-0.34469712,-1.7290967,-0.33484647
1.2156077646761765,0.0930767600510916,0.9891649800611702,1.2106731,0.08574109,0.9937295
-1.9857334464928411,-0.484893412407306,-2.215518720883015,-1.9845525,-0.48712736,-2.2099237
1.8420303208297435,0.396288852094476,-0.3601755255995402,1.8519434,0.38395905,-0.3579227
-0.1443179207895172,0.1793802176413217,-0.3180086347976425,-0.1494064,0.16946849,-0.32603624
-0.1443179207895172,0.1793802176413217,-0.3180086347976425,-0.1494064,0.16946849,-0.32603624
-0.3562735761340631,-1.7501404600112933,-0.3601755255995402,-0.34469712,-1.7290967,-0.33484647
-0.8694819753243683,-0.105026324874296,-0.1915079623919492,-0.8810589,-0.07066288,-0.1850237
0.9424333069675356,1.7336297650420915,-0.5288430888071284,0.9357493,1.7233236,-0.5304351
0.7295589439744146,-0.8762567137464611,1.916836577702909,0.7296343,-0.8524484,1.9015638
1.325394764457715,-0.5000077824441818,0.3144947272308149,1.330338,-0.46992895,0.2925066
-0.1930318102188625,-1.378780271126029,-0.1071741807881566,-0.21180385,-1.3847259,-0.12272881
1.2156077646761765,0.0930767600510916,0.9891649800611702,1.2106731,0.08574109,0.9937295
0.3094723832560785,-0.0518429599688844,0.9048311984573746,0.30295798,-0.03772608,0.8911449
1.2156077646761765,0.0930767600510916,0.9891649800611702,1.2106731,0.08574109,0.9937295
-1.9857334464928411,-0.484893412407306,-2.215518720883015,-1.9845525,-0.48712736,-2.2099237
-0.3924403201656704,-1.5004103977846484,-0.2758417439957447,-0.3897499,-1.4843559,-0.277042
-0.8694819753243683,-0.105026324874296,-0.1915079623919492,-0.8810589,-0.07066288,-0.1850237
0.5786584910264272,-0.3485836582951384,0.6096629628440963,0.57498276,-0.3606293,0.6236905
-0.4207629164363726,2.95634767709298,1.4530007788820396,-0.40721852,2.9257286,1.4676338
0.7295589439744146,-0.8762567137464611,1.916836577702909,0.7296343,-0.8524484,1.9015638
-2.081030763738692,0.0091132705609736,-0.9505119968261,-0.167743,0.02138001,0.7470122
0.7295589439744146,-0.8762567137464611,1.916836577702909,0.7296343,-0.8524484,1.9015638
1.325394764457715,-0.5000077824441818,0.3144947272308149,1.330338,-0.46992895,0.2925066
-0.33045869752899054,-1.768726294840578,-0.4048320566787833,0.009028561,-0.067975156,-0.35926318
-0.6463810425440487,0.1358291421737789,-0.9083451060242022,-0.65077126,0.12943791,-0.89719
1.2156077646761765,0.0930767600510916,0.9891649800611702,1.2106731,0.08574109,0.9937295
0.9424333069675356,1.7336297650420915,-0.5288430888071284,0.9357493,1.7233236,-0.5304351
1.8420303208297435,0.396288852094476,-0.3601755255995402,1.8519434,0.38395905,-0.3579227
-0.4207629164363726,2.95634767709298,1.4530007788820396,-0.40721852,2.9257286,1.4676338
0.9424333069675356,1.7336297650420915,-0.5288430888071284,0.9357493,1.7233236,-0.5304351
0.2568046161466148,1.0172660559363758,1.6638352328915254,0.24354982,1.0230378,1.6635827
-1.985435199804674,0.2518669137017295,-0.3180086347976425,-1.9741652,0.24320604,-0.32680523
-0.1930318102188625,-1.378780271126029,-0.1071741807881566,-0.21180385,-1.3847259,-0.12272881
1.325394764457715,-0.5000077824441818,0.3144947272308149,1.330338,-0.46992895,0.2925066
0.5830634787096943,0.3489756529280555,-0.5288430888071284,0.5850402,0.3446091,-0.52837336
0.3094723832560785,-0.0518429599688844,0.9048311984573746,0.30295798,-0.03772608,0.8911449
-0.4207629164363726,2.95634767709298,1.4530007788820396,-0.40721852,2.9257286,1.4676338
0.9424333069675356,1.7336297650420915,-0.5288430888071284,0.9357493,1.7233236,-0.5304351
1.2156077646761765,0.0930767600510916,0.9891649800611702,-0.5504483,-0.003351914,-0.04856381
0.2026273363964781,0.3329919193191797,-0.9083451060242022,0.20041105,0.32923177,-0.9093348
1.325394764457715,-0.5000077824441818,0.3144947272308149,1.330338,-0.46992895,0.2925066
-0.3325285307608697,0.3067432080459878,1.7903359052972156,-0.3213819,0.29121152,1.7844865
1.2156077646761765,0.0930767600510916,0.9891649800611702,1.2106731,0.08574109,0.9937295
-0.3325285307608697,0.3067432080459878,1.7903359052972156,-0.3213819,0.29121152,1.7844865
1.2156077646761765,0.0930767600510916,0.9891649800611702,1.2106731,0.08574109,0.9937295
0.2026273363964781,0.3329919193191797,-0.9083451060242022,0.20041105,0.32923177,-0.9093348
1.8420303208297435,0.396288852094476,-0.3601755255995402,1.8519434,0.38395905,-0.3579227
0.3094723832560785,-0.0518429599688844,0.9048311984573746,0.30295798,-0.03772608,0.8911449
-0.3562735761340631,-1.7501404600112933,-0.3601755255995402,-0.34469712,-1.7290967,-0.33484647
0.2026273363964781,0.3329919193191797,-0.9083451060242022,0.20041105,0.32923177,-0.9093348
-2.081030763738692,0.0091132705609736,-0.9505119968261,-2.0646741,0.019529268,-0.9379781
0.9424333069675356,1.7336297650420915,-0.5288430888071284,0.9357493,1.7233236,-0.5304351
0.7295589439744146,-0.8762567137464611,1.916836577702909,0.7296343,-0.8524484,1.9015638
-0.4207629164363726,2.95634767709298,1.4530007788820396,-0.40721852,2.9257286,1.4676338
1.325394764457715,-0.5000077824441818,0.3144947272308149,1.330338,-0.46992895,0.2925066
0.9424333069675356,1.7336297650420915,-0.5288430888071284,0.9357493,1.7233236,-0.5304351
0.5786584910264272,-0.3485836582951384,0.6096629628440963,0.57498276,-0.3606293,0.6236905
0.5830634787096943,0.3489756529280555,-0.5288430888071284,0.5850402,0.3446091,-0.52837336
0.2568046161466148,1.0172660559363758,1.6638352328915254,0.24354982,1.0230378,1.6635827
1.2156077646761765,0.0930767600510916,0.9891649800611702,1.2106731,0.08574109,0.9937295
-1.985435199804674,0.2518669137017295,-0.3180086347976425,-1.9741652,0.24320604,-0.32680523
0.5786584910264272,-0.3485836582951384,0.6096629628440963,0.57498276,-0.3606293,0.6236905
-2.081030763738692,0.0091132705609736,-0.9505119968261,-2.0646741,0.019529268,-0.9379781
-0.8694819753243683,-0.105026324874296,-0.1915079623919492,-0.8810589,-0.07066288,-0.1850237
0.20526393013305713,1.0144183288756994,1.7162939139635929,0.29337466,2.696679,1.6487347
0.24747969645267445,0.02017255259949327,-0.5728264563136973,0.23294936,-0.009720288,-0.46786496
0.3094723832560785,-0.0518429599688844,0.9048311984573746,0.30295798,-0.03772608,0.8911449
-0.6463810425440487,0.1358291421737789,-0.9083451060242022,-0.65077126,0.12943791,-0.89719
-0.8694819753243683,-0.105026324874296,-0.1915079623919492,-0.8810589,-0.07066288,-0.1850237
0.9424333069675356,1.7336297650420915,-0.5288430888071284,0.9357493,1.7233236,-0.5304351
-1.985435199804674,0.2518669137017295,-0.3180086347976425,-1.9741652,0.24320604,-0.32680523
1.2156077646761765,0.0930767600510916,0.9891649800611702,1.2106731,0.08574109,0.9937295
-0.1930318102188625,-1.378780271126029,-0.1071741807881566,-0.21180385,-1.3847259,-0.12272881
-1.985435199804674,0.2518669137017295,-0.3180086347976425,-0.01048022,-0.35286868,0.24028741
-0.1930318102188625,-1.378780271126029,-0.1071741807881566,-0.21180385,-1.3847259,-0.12272881
-0.3325285307608697,0.3067432080459878,1.7903359052972156,-0.3213819,0.29121152,1.7844865
0.2026273363964781,0.3329919193191797,-0.9083451060242022,0.20041105,0.32923177,-0.9093348
1.325394764457715,-0.5000077824441818,0.3144947272308149,1.330338,-0.46992895,0.2925066
0.2026273363964781,0.3329919193191797,-0.9083451060242022,0.20041105,0.32923177,-0.9093348
-0.3562735761340631,-1.7501404600112933,-0.3601755255995402,-0.34469712,-1.7290967,-0.33484647
-0.4207629164363726,2.95634767709298,1.4530007788820396,-0.40721852,2.9257286,1.4676338
-0.4207629164363726,2.95634767709298,1.4530007788820396,-0.40721852,2.9257286,1.4676338
0.5786584910264272,-0.3485836582951384,0.6096629628440963,0.57498276,-0.3606293,0.6236905
-0.8694819753243683,-0.105026324874296,-0.1915079623919492,-0.8810589,-0.07066288,-0.1850237
-0.3562735761340631,-1.7501404600112933,-0.3601755255995402,-0.34469712,-1.7290967,-0.33484647
1.325394764457715,-0.5000077824441818,0.3144947272308149,1.330338,-0.46992895,0.2925066
0.2026273363964781,0.3329919193191797,-0.9083451060242022,0.20041105,0.32923177,-0.9093348
-1.985435199804674,0.2518669137017295,-0.3180086347976425,-1.9741652,0.24320604,-0.32680523
1.2156077646761765,0.0930767600510916,0.9891649800611702,1.2106731,0.08574109,0.9937295
0.239573742207419,-0.018715816854753,-0.6131768704109208,0.23195113,-0.0043440512,-0.60277617
-0.8694819753243683,-0.105026324874296,-0.1915079623919492,-0.8810589,-0.07066288,-0.1850237
1.325394764457715,-0.5000077824441818,0.3144947272308149,1.330338,-0.46992895,0.2925066
0.2026273363964781,0.3329919193191797,-0.9083451060242022,0.20041105,0.32923177,-0.9093348
-0.3924403201656704,-1.5004103977846484,-0.2758417439957447,-0.3897499,-1.4843559,-0.277042
0.2026273363964781,0.3329919193191797,-0.9083451060242022,0.20041105,0.32923177,-0.9093348
0.5786584910264272,-0.3485836582951384,0.6096629628440963,0.57498276,-0.3606293,0.6236905
-1.985435199804674,0.2518669137017295,-0.3180086347976425,-1.9741652,0.24320604,-0.32680523
-1.985435199804674,0.2518669137017295,-0.3180086347976425,-1.9741652,0.24320604,-0.32680523
0.2024393611413101,-1.303588717536631,-0.9926788876279976,0.20011285,-1.3018067,-0.98361796
0.239573742207419,-0.018715816854753,-0.6131768704109208,0.23195113,-0.0043440512,-0.60277617
-0.1930318102188625,-1.378780271126029,-0.1071741807881566,-0.21180385,-1.3847259,-0.12272881
0.2024393611413101,-1.303588717536631,-0.9926788876279976,0.20011285,-1.3018067,-0.98361796
-0.3924403201656704,-1.5004103977846484,-0.2758417439957447,-0.3897499,-1.4843559,-0.277042
-0.6463810425440487,0.1358291421737789,-0.9083451060242022,-0.65077126,0.12943791,-0.89719
0.5830634787096943,0.3489756529280555,-0.5288430888071284,0.5850402,0.3446091,-0.52837336
1.8420303208297435,0.396288852094476,-0.3601755255995402,1.8519434,0.38395905,-0.3579227
0.3094723832560785,-0.0518429599688844,0.9048311984573746,0.30295798,-0.03772608,0.8911449
-1.9857334464928411,-0.484893412407306,-2.215518720883015,-1.9845525,-0.48712736,-2.2099237
-0.6463810425440487,0.1358291421737789,-0.9083451060242022,-0.65077126,0.12943791,-0.89719
-0.4207629164363726,2.95634767709298,1.4530007788820396,-0.40721852,2.9257286,1.4676338
-0.3325285307608697,0.3067432080459878,1.7903359052972156,-0.3213819,0.29121152,1.7844865
0.2026273363964781,0.3329919193191797,-0.9083451060242022,0.20041105,0.32923177,-0.9093348
-0.1443179207895172,0.1793802176413217,-0.3180086347976425,-0.1494064,0.16946849,-0.32603624
0.239573742207419,-0.018715816854753,-0.6131768704109208,0.23195113,-0.0043440512,-0.60277617
0.7295589439744146,-0.8762567137464611,1.916836577702909,0.7296343,-0.8524484,1.9015638
0.5786584910264272,-0.3485836582951384,0.6096629628440963,0.57498276,-0.3606293,0.6236905
0.9797529926203732,0.5567370804615919,-0.0650072899862589,0.9927217,0.51861894,-0.059588533
-0.1930318102188625,-1.378780271126029,-0.1071741807881566,-0.21180385,-1.3847259,-0.12272881
0.9797529926203732,0.5567370804615919,-0.0650072899862589,0.9927217,0.51861894,-0.059588533
0.9797529926203732,0.5567370804615919,-0.0650072899862589,0.9927217,0.51861894,-0.059588533
-0.3562735761340631,-1.7501404600112933,-0.3601755255995402,-0.34469712,-1.7290967,-0.33484647
0.2024393611413101,-1.303588717536631,-0.9926788876279976,0.20011285,-1.3018067,-0.98361796
1.8420303208297435,0.396288852094476,-0.3601755255995402,1.8519434,0.38395905,-0.3579227
-0.1443179207895172,0.1793802176413217,-0.3180086347976425,-0.1494064,0.16946849,-0.32603624
-0.1443179207895172,0.1793802176413217,-0.3180086347976425,-0.1494064,0.16946849,-0.32603624
0.9424333069675356,1.7336297650420915,-0.5288430888071284,0.9357493,1.7233236,-0.5304351
1.2156077646761765,0.0930767600510916,0.9891649800611702,1.2106731,0.08574109,0.9937295
-0.1443179207895172,0.1793802176413217,-0.3180086347976425,-0.1494064,0.16946849,-0.32603624
0.2026273363964781,0.3329919193191797,-0.9083451060242022,0.20041105,0.32923177,-0.9093348
1.2156077646761765,0.0930767600510916,0.9891649800611702,1.2106731,0.08574109,0.9937295
0.9424333069675356,1.7336297650420915,-0.5288430888071284,0.93254745,1.7292477,-0.5291495
-0.3325285307608697,0.3067432080459878,1.7903359052972156,-0.31986403,0.28805104,1.7888166
0.239573742207419,-0.018715816854753,-0.6131768704109208,0.21478295,-0.009427442,-0.606801
-2.081030763738692,0.0091132705609736,-0.9505119968261,-2.0655482,0.027434625,-0.94793195
-1.985435199804674,0.2518669137017295,-0.3180086347976425,-1.9666638,0.24097404,-0.3205434
0.2568046161466148,1.0172660559363758,1.6638352328915254,0.24549955,1.0211769,1.6623594
-0.8694819753243683,-0.105026324874296,-0.1915079623919492,-0.8566148,-0.0932725,-0.19118674
0.2026273363964781,0.3329919193191797,-0.9083451060242022,0.20251518,0.33323088,-0.9115687
-0.1930318102188625,-1.378780271126029,-0.1071741807881566,-0.20371293,-1.3921629,-0.118271306
-0.1443179207895172,0.1793802176413217,-0.3180086347976425,-0.14649166,0.17086357,-0.3192622
0.3094723832560785,-0.0518429599688844,0.9048311984573746,0.32326233,-0.045558866,0.9013869
-0.6463810425440487,0.1358291421737789,-0.9083451060242022,-0.6465277,0.13875335,-0.9083971
-1.9857334464928411,-0.484893412407306,-2.215518720883015,-1.9874887,-0.48141688,-2.2077088
0.2568046161466148,1.0172660559363758,1.6638352328915254,0.24549955,1.0211769,1.6623594
-1.985435199804674,0.2518669137017295,-0.3180086347976425,-1.9666638,0.24097404,-0.3205434
-0.8694819753243683,-0.105026324874296,-0.1915079623919492,-0.8566148,-0.0932725,-0.19118674
0.2024393611413101,-1.303588717536631,-0.9926788876279976,0.19997905,-1.3071241,-0.99712217
-0.6463810425440487,0.1358291421737789,-0.9083451060242022,-0.6465277,0.13875335,-0.9083971
-0.1443179207895172,0.1793802176413217,-0.3180086347976425,-0.14649166,0.17086357,-0.3192622
1.8420303208297435,0.396288852094476,-0.3601755255995402,1.8398474,0.38816944,-0.3531251
0.5830634787096943,0.3489756529280555,-0.5288430888071284,0.58736414,0.34472093,-0.52835906
0.5830634787096943,0.3489756529280555,-0.5288430888071284,0.58736414,0.34472093,-0.52835906
1.8420303208297435,0.396288852094476,-0.3601755255995402,1.8398474,0.38816944,-0.3531251
-0.3325285307608697,0.3067432080459878,1.7903359052972156,-0.31986403,0.28805104,1.7888166
0.5830634787096943,0.3489756529280555,-0.5288430888071284,0.58736414,0.34472093,-0.52835906
0.5786584910264272,-0.3485836582951384,0.6096629628440963,0.56212276,-0.3555172,0.6173626
-2.081030763738692,0.0091132705609736,-0.9505119968261,-2.0655482,0.027434625,-0.94793195
-1.985435199804674,0.2518669137017295,-0.3180086347976425,-1.9666638,0.24097404,-0.3205434
0.9424333069675356,1.7336297650420915,-0.5288430888071284,0.93254745,1.7292477,-0.5291495
-0.4207629164363726,2.95634767709298,1.4530007788820396,-0.4075335,2.9263716,1.4648877
-0.3924403201656704,-1.5004103977846484,-0.2758417439957447,-0.38660002,-1.4749736,-0.2758604
0.239573742207419,-0.018715816854753,-0.6131768704109208,0.085512534,0.0324219,-0.13426223
-0.3325285307608697,0.3067432080459878,1.7903359052972156,-0.31986403,0.28805104,1.7888166
0.5786584910264272,-0.3485836582951384,0.6096629628440963,0.56212276,-0.3555172,0.6173626
0.9797529926203732,0.5567370804615919,-0.0650072899862589,0.98599267,0.5247695,-0.0602917
0.2024393611413101,-1.303588717536631,-0.9926788876279976,0.19997905,-1.3071241,-0.99712217
0.5786584910264272,-0.3485836582951384,0.6096629628440963,0.56212276,-0.3555172,0.6173626
0.2024393611413101,-1.303588717536631,-0.9926788876279976,0.19997905,-1.3071241,-0.99712217
0.5786584910264272,-0.3485836582951384,0.6096629628440963,0.56212276,-0.3555172,0.6173626
0.9797529926203732,0.5567370804615919,-0.0650072899862589,0.98599267,0.5247695,-0.0602917
0.2568046161466148,1.0172660559363758,1.6638352328915254,0.24549955,1.0211769,1.6623594
-0.6463810425440487,0.1358291421737789,-0.9083451060242022,-0.6465277,0.13875335,-0.9083971
0.3094723832560785,-0.0518429599688844,0.9048311984573746,0.32326233,-0.045558866,0.9013869
0.5830634787096943,0.3489756529280555,-0.5288430888071284,0.58736414,0.34472093,-0.52835906
-2.081030763738692,0.0091132705609736,-0.9505119968261,-2.0655482,0.027434625,-0.94793195
0.7295589439744146,-0.8762567137464611,1.916836577702909,0.73014826,-0.8638632,1.9041318
0.2568046161466148,1.0172660559363758,1.6638352328915254,0.24549955,1.0211769,1.6623594
0.9424333069675356,1.7336297650420915,-0.5288430888071284,0.93254745,1.7292477,-0.5291495
-0.1443179207895172,0.1793802176413217,-0.3180086347976425,-0.14649166,0.17086357,-0.3192622
0.2024393611413101,-1.303588717536631,-0.9926788876279976,0.19997905,-1.3071241,-0.99712217
-0.3325285307608697,0.3067432080459878,1.7903359052972156,-0.31986403,0.28805104,1.7888166
-0.1443179207895172,0.1793802176413217,-0.3180086347976425,-0.14649166,0.17086357,-0.3192622
-1.9857334464928411,-0.484893412407306,-2.215518720883015,-1.9874887,-0.48141688,-2.2077088
-1.9857334464928411,-0.484893412407306,-2.215518720883015,-1.9874887,-0.48141688,-2.2077088
0.239573742207419,-0.018715816854753,-0.6131768704109208,0.21478295,-0.009427442,-0.606801
-1.985435199804674,0.2518669137017295,-0.3180086347976425,-1.9666638,0.24097404,-0.3205434
-0.1930318102188625,-1.378780271126029,-0.1071741807881566,-0.20371293,-1.3921629,-0.118271306
0.2024393611413101,-1.303588717536631,-0.9926788876279976,0.19997905,-1.3071241,-0.99712217
0.2024393611413101,-1.303588717536631,-0.9926788876279976,0.19997905,-1.3071241,-0.99712217
0.7295589439744146,-0.8762567137464611,1.916836577702909,0.73014826,-0.8638632,1.9041318
0.5830634787096943,0.3489756529280555,-0.5288430888071284,0.58736414,0.34472093,-0.52835906
1.2156077646761765,0.0930767600510916,0.9891649800611702,1.2115116,0.105534166,0.9937945
-1.985435199804674,0.2518669137017295,-0.3180086347976425,-1.9666638,0.24097404,-0.3205434
-0.4207629164363726,2.95634767709298,1.4530007788820396,-0.4075335,2.9263716,1.4648877
-0.4207629164363726,2.95634767709298,1.4530007788820396,-0.4075335,2.9263716,1.4648877
1.8420303208297435,0.396288852094476,-0.3601755255995402,1.8398474,0.38816944,-0.3531251
1.2156077646761765,0.0930767600510916,0.9891649800611702,1.2115116,0.105534166,0.9937945
-1.9857334464928411,-0.484893412407306,-2.215518720883015,-1.9874887,-0.48141688,-2.2077088
0.2024393611413101,-1.303588717536631,-0.9926788876279976,0.19997905,-1.3071241,-0.99712217
-2.081030763738692,0.0091132705609736,-0.9505119968261,-2.0655482,0.027434625,-0.94793195
1.8420303208297435,0.396288852094476,-0.3601755255995402,1.8398474,0.38816944,-0.3531251
-0.6463810425440487,0.1358291421737789,-0.9083451060242022,-0.6465277,0.13875335,-0.9083971
-1.985435199804674,0.2518669137017295,-0.3180086347976425,-1.9666638,0.24097404,-0.3205434
-2.081030763738692,0.0091132705609736,-0.9505119968261,-2.0655482,0.027434625,-0.94793195
-0.3924403201656704,-1.5004103977846484,-0.2758417439957447,-0.38660002,-1.4749736,-0.2758604
0.9797529926203732,0.5567370804615919,-0.0650072899862589,0.98599267,0.5247695,-0.0602917
-1.9857334464928411,-0.484893412407306,-2.215518720883015,0.49305618,-0.5031296,0.11891773
0.2026273363964781,0.3329919193191797,-0.9083451060242022,0.20251518,0.33323088,-0.9115687
0.2568046161466148,1.0172660559363758,1.6638352328915254,0.24549955,1.0211769,1.6623594
-0.1930318102188625,-1.378780271126029,-0.1071741807881566,-0.20371293,-1.3921629,-0.118271306
1.325394764457715,-0.5000077824441818,0.3144947272308149,1.3312575,-0.48295364,0.3013299
0.9797529926203732,0.5567370804615919,-0.0650072899862589,0.98599267,0.5247695,-0.0602917
-0.3325285307608697,0.3067432080459878,1.7903359052972156,-0.31986403,0.28805104,1.7888166
1.8420303208297435,0.396288852094476,-0.3601755255995402,1.8398474,0.38816944,-0.3531251
-1.985435199804674,0.2518669137017295,-0.3180086347976425,-1.9666638,0.24097404,-0.3205434
0.7295589439744146,-0.8762567137464611,1.916836577702909,0.73014826,-0.8638632,1.9041318
1.2156077646761765,0.0930767600510916,0.9891649800611702,1.2115116,0.105534166,0.9937945
0.2026273363964781,0.3329919193191797,-0.9083451060242022,0.20251518,0.33323088,-0.9115687
-0.4207629164363726,2.95634767709298,1.4530007788820396,-0.4075335,2.9263716,1.4648877
-1.985435199804674,0.2518669137017295,-0.3180086347976425,-1.9666638,0.24097404,-0.3205434
0.2026273363964781,0.3329919193191797,-0.9083451060242022,0.20251518,0.33323088,-0.9115687
1.8420303208297435,0.396288852094476,-0.3601755255995402,1.8398474,0.38816944,-0.3531251
-0.4207629164363726,2.95634767709298,1.4530007788820396,-0.4075335,2.9263716,1.4648877
-0.8694819753243683,-0.105026324874296,-0.1915079623919492,-0.8566148,-0.0932725,-0.19118674
-0.6463810425440487,0.1358291421737789,-0.9083451060242022,-0.6465277,0.13875335,-0.9083971
1.325394764457715,-0.5000077824441818,0.3144947272308149,1.3312575,-0.48295364,0.3013299
0.9424333069675356,1.7336297650420915,-0.5288430888071284,0.93254745,1.7292477,-0.5291495
-0.3562735761340631,-1.7501404600112933,-0.3601755255995402,-0.3533512,-1.737606,-0.3506677
0.2026273363964781,0.3329919193191797,-0.9083451060242022,0.20251518,0.33323088,-0.9115687
0.2024393611413101,-1.303588717536631,-0.9926788876279976,0.19997905,-1.3071241,-0.99712217
0.2024393611413101,-1.303588717536631,-0.9926788876279976,0.19997905,-1.3071241,-0.99712217
0.2026273363964781,0.3329919193191797,-0.9083451060242022,0.20251518,0.33323088,-0.9115687
0.5830634787096943,0.3489756529280555,-0.5288430888071284,0.58736414,0.34472093,-0.52835906
-0.4207629164363726,2.95634767709298,1.4530007788820396,-0.4075335,2.9263716,1.4648877
-1.985435199804674,0.2518669137017295,-0.3180086347976425,-1.9666638,0.24097404,-0.3205434
0.239573742207419,-0.018715816854753,-0.6131768704109208,0.21478295,-0.009427442,-0.606801
0.2568046161466148,1.0172660559363758,1.6638352328915254,0.24549955,1.0211769,1.6623594
0.3094723832560785,-0.0518429599688844,0.9048311984573746,0.32326233,-0.045558866,0.9013869
0.2024393611413101,-1.303588717536631,-0.9926788876279976,0.19997905,-1.3071241,-0.99712217
0.3094723832560785,-0.0518429599688844,0.9048311984573746,0.32326233,-0.045558866,0.9013869
0.9424333069675356,1.7336297650420915,-0.5288430888071284,0.93254745,1.7292477,-0.5291495
-2.081030763738692,0.0091132705609736,-0.9505119968261,-2.0655482,0.027434625,-0.94793195
0.9424333069675356,1.7336297650420915,-0.5288430888071284,0.93254745,1.7292477,-0.5291495
0.5830634787096943,0.3489756529280555,-0.5288430888071284,0.58736414,0.34472093,-0.52835906
-0.6463810425440487,0.1358291421737789,-0.9083451060242022,-0.6465277,0.13875335,-0.9083971
0.3094723832560785,-0.0518429599688844,0.9048311984573746,0.32326233,-0.045558866,0.9013869
-0.4207629164363726,2.95634767709298,1.4530007788820396,-0.4075335,2.9263716,1.4648877
-0.3924403201656704,-1.5004103977846484,-0.2758417439957447,-0.38660002,-1.4749736,-0.2758604
0.2026273363964781,0.3329919193191797,-0.9083451060242022,0.20251518,0.33323088,-0.9115687
0.9424333069675356,1.7336297650420915,-0.5288430888071284,0.93254745,1.7292477,-0.5291495
-0.3924403201656704,-1.5004103977846484,-0.2758417439957447,-0.38660002,-1.4749736,-0.2758604
0.2568046161466148,1.0172660559363758,1.6638352328915254,0.24549955,1.0211769,1.6623594
0.2024393611413101,-1.303588717536631,-0.9926788876279976,0.19997905,-1.3071241,-0.99712217
-0.3562735761340631,-1.7501404600112933,-0.3601755255995402,-0.3533512,-1.737606,-0.3506677
0.5786584910264272,-0.3485836582951384,0.6096629628440963,0.56212276,-0.3555172,0.6173626
0.2024393611413101,-1.303588717536631,-0.9926788876279976,0.19997905,-1.3071241,-0.99712217
-1.985435199804674,0.2518669137017295,-0.3180086347976425,-1.9666638,0.24097404,-0.3205434
-0.1930318102188625,-1.378780271126029,-0.1071741807881566,-0.20371293,-1.3921629,-0.118271306
-0.4207629164363726,2.95634767709298,1.4530007788820396,-0.4075335,2.9263716,1.4648877
-2.081030763738692,0.0091132705609736,-0.9505119968261,-2.0655482,0.027434625,-0.94793195
-0.8694819753243683,-0.105026324874296,-0.1915079623919492,-0.8566148,-0.0932725,-0.19118674
-0.6463810425440487,0.1358291421737789,-0.9083451060242022,-0.6465277,0.13875335,-0.9083971
0.2026273363964781,0.3329919193191797,-0.9083451060242022,0.20251518,0.33323088,-0.9115687
-0.3325285307608697,0.3067432080459878,1.7903359052972156,-0.31986403,0.28805104,1.7888166
-0.1443179207895172,0.1793802176413217,-0.3180086347976425,-0.14649166,0.17086357,-0.3192622
-0.6463810425440487,0.1358291421737789,-0.9083451060242022,-0.6465277,0.13875335,-0.9083971
0.7295589439744146,-0.8762567137464611,1.916836577702909,0.73014826,-0.8638632,1.9041318
0.239573742207419,-0.018715816854753,-0.6131768704109208,0.21478295,-0.009427442,-0.606801
0.2024393611413101,-1.303588717536631,-0.9926788876279976,0.19997905,-1.3071241,-0.99712217
1.8420303208297435,0.396288852094476,-0.3601755255995402,1.8398474,0.38816944,-0.3531251
-0.3924403201656704,-1.5004103977846484,-0.2758417439957447,-0.38660002,-1.4749736,-0.2758604
-1.985435199804674,0.2518669137017295,-0.3180086347976425,-1.9666638,0.24097404,-0.3205434
0.5830634787096943,0.3489756529280555,-0.5288430888071284,0.58736414,0.34472093,-0.52835906
-0.4207629164363726,2.95634767709298,1.4530007788820396,-0.4075335,2.9263716,1.4648877
1.2156077646761765,0.0930767600510916,0.9891649800611702,1.2115116,0.105534166,0.9937945
-0.1443179207895172,0.1793802176413217,-0.3180086347976425,-0.14649166,0.17086357,-0.3192622
0.9797529926203732,0.5567370804615919,-0.0650072899862589,0.98599267,0.5247695,-0.0602917
0.2568046161466148,1.0172660559363758,1.6638352328915254,0.24549955,1.0211769,1.6623594
-0.8694819753243683,-0.105026324874296,-0.1915079623919492,0.9532637,0.5009661,-0.06857036
0.9797529926203732,0.5567370804615919,-0.0650072899862589,0.98599267,0.5247695,-0.0602917
-1.9857334464928411,-0.484893412407306,-2.215518720883015,-1.9874887,-0.48141688,-2.2077088
0.7295589439744146,-0.8762567137464611,1.916836577702909,0.73014826,-0.8638632,1.9041318
1.325394764457715,-0.5000077824441818,0.3144947272308149,1.3312575,-0.48295364,0.3013299
1.2156077646761765,0.0930767600510916,0.9891649800611702,1.2115116,0.105534166,0.9937945
-0.3562735761340631,-1.7501404600112933,-0.3601755255995402,-0.3533512,-1.737606,-0.3506677
1.2156077646761765,0.0930767600510916,0.9891649800611702,1.2115116,0.105534166,0.9937945
1.2156077646761765,0.0930767600510916,0.9891649800611702,1.2115116,0.105534166,0.9937945
1.2156077646761765,0.0930767600510916,0.9891649800611702,1.2115116,0.105534166,0.9937945
-1.9857334464928411,-0.484893412407306,-2.215518720883015,-1.9874887,-0.48141688,-2.2077088
0.7295589439744146,-0.8762567137464611,1.916836577702909,0.73014826,-0.8638632,1.9041318
0.9797529926203732,0.5567370804615919,-0.0650072899862589,0.98599267,0.5247695,-0.0602917
-0.1930318102188625,-1.378780271126029,-0.1071741807881566,-0.20371293,-1.3921629,-0.118271306
-0.3562735761340631,-1.7501404600112933,-0.3601755255995402,-0.3533512,-1.737606,-0.3506677
-1.985435199804674,0.2518669137017295,-0.3180086347976425,-1.9666638,0.24097404,-0.3205434
0.7295589439744146,-0.8762567137464611,1.916836577702909,0.73014826,-0.8638632,1.9041318
-0.1443179207895172,0.1793802176413217,-0.3180086347976425,-0.14649166,0.17086357,-0.3192622
0.2026273363964781,0.3329919193191797,-0.9083451060242022,0.20251518,0.33323088,-0.9115687
-0.3325285307608697,0.3067432080459878,1.7903359052972156,-0.31986403,0.28805104,1.7888166
0.9424333069675356,1.7336297650420915,-0.5288430888071284,0.93254745,1.7292477,-0.5291495
-0.1930318102188625,-1.378780271126029,-0.1071741807881566,-0.20371293,-1.3921629,-0.118271306
-0.6463810425440487,0.1358291421737789,-0.9083451060242022,-0.6465277,0.13875335,-0.9083971
-0.3325285307608697,0.3067432080459878,1.7903359052972156,-0.040588245,-0.000382783,-0.7896881
1.2156077646761765,0.0930767600510916,0.9891649800611702,1.2115116,0.105534166,0.9937945
0.3094723832560785,-0.0518429599688844,0.9048311984573746,0.32326233,-0.045558866,0.9013869
1.2156077646761765,0.0930767600510916,0.9891649800611702,1.2115116,0.105534166,0.9937945
1.2156077646761765,0.0930767600510916,0.9891649800611702,1.2115116,0.105534166,0.9937945
0.9424333069675356,1.7336297650420915,-0.5288430888071284,0.93254745,1.7292477,-0.5291495
1.2156077646761765,0.0930767600510916,0.9891649800611702,1.2115116,0.105534166,0.9937945
0.2026273363964781,0.3329919193191797,-0.9083451060242022,0.20251518,0.33323088,-0.9115687
0.7295589439744146,-0.8762567137464611,1.916836577702909,0.73014826,-0.8638632,1.9041318
-0.6463810425440487,0.1358291421737789,-0.9083451060242022,-0.6465277,0.13875335,-0.9083971
1.8420303208297435,0.396288852094476,-0.3601755255995402,1.8398474,0.38816944,-0.3531251
0.3094723832560785,-0.0518429599688844,0.9048311984573746,0.32326233,-0.045558866,0.9013869
-1.9857334464928411,-0.484893412407306,-2.215518720883015,-1.9874887,-0.48141688,-2.2077088
-0.6463810425440487,0.1358291421737789,-0.9083451060242022,-0.6465277,0.13875335,-0.9083971
-2.081030763738692,0.0091132705609736,-0.9505119968261,-2.0655482,0.027434625,-0.94793195
0.5786584910264272,-0.3485836582951384,0.6096629628440963,0.56212276,-0.3555172,0.6173626
0.7295589439744146,-0.8762567137464611,1.916836577702909,0.73014826,-0.8638632,1.9041318
-0.8694819753243683,-0.105026324874296,-0.1915079623919492,-0.8566148,-0.0932725,-0.19118674
-0.3924403201656704,-1.5004103977846484,-0.2758417439957447,-0.38660002,-1.4749736,-0.2758604
-0.3562735761340631,-1.7501404600112933,-0.3601755255995402,0.49298382,0.9860481,0.20344847
0.11325880465560091,-1.2994076636661032,-1.020488485570454,0.23374926,-0.73639137,-0.8931812
-1.985435199804674,0.2518669137017295,-0.3180086347976425,-1.9666638,0.24097404,-0.3205434
0.3094723832560785,-0.0518429599688844,0.9048311984573746,0.32326233,-0.045558866,0.9013869
-0.4207629164363726,2.95634767709298,1.4530007788820396,-0.4075335,2.9263716,1.4648877
1.325394764457715,-0.5000077824441818,0.3144947272308149,1.3312575,-0.48295364,0.3013299
-0.6463810425440487,0.1358291421737789,-0.9083451060242022,-0.10715628,1.0188788,0.94232535
0.239573742207419,-0.018715816854753,-0.6131768704109208,0.21478295,-0.009427442,-0.606801
0.2568046161466148,1.0172660559363758,1.6638352328915254,0.24549955,1.0211769,1.6623594
0.2024393611413101,-1.303588717536631,-0.9926788876279976,0.19997905,-1.3071241,-0.99712217
0.2024393611413101,-1.303588717536631,-0.9926788876279976,0.19997905,-1.3071241,-0.99712217
0.5786584910264272,-0.3485836582951384,0.6096629628440963,0.56212276,-0.3555172,0.6173626
0.2568046161466148,1.0172660559363758,1.6638352328915254,0.24549955,1.0211769,1.6623594
-0.4207629164363726,2.95634767709298,1.4530007788820396,-0.4075335,2.9263716,1.4648877
-1.985435199804674,0.2518669137017295,-0.3180086347976425,-1.9666638,0.24097404,-0.3205434
1.325394764457715,-0.5000077824441818,0.3144947272308149,1.3312575,-0.48295364,0.3013299
0.7295589439744146,-0.8762567137464611,1.916836577702909,0.73014826,-0.8638632,1.9041318
0.239573742207419,-0.018715816854753,-0.6131768704109208,0.21478295,-0.009427442,-0.606801
0.5830634787096943,0.3489756529280555,-0.5288430888071284,0.58736414,0.34472093,-0.52835906
0.2568046161466148,1.0172660559363758,1.6638352328915254,0.24549955,1.0211769,1.6623594
-0.6463810425440487,0.1358291421737789,-0.9083451060242022,-0.6465277,0.13875335,-0.9083971
-1.9857334464928411,-0.484893412407306,-2.215518720883015,-1.9874887,-0.48141688,-2.2077088
0.2568046161466148,1.0172660559363758,1.6638352328915254,0.24549955,1.0211769,1.6623594
-0.3924403201656704,-1.5004103977846484,-0.2758417439957447,-0.38660002,-1.4749736,-0.2758604
-1.9857334464928411,-0.484893412407306,-2.215518720883015,-1.9874887,-0.48141688,-2.2077088
0.3094723832560785,-0.0518429599688844,0.9048311984573746,0.31393245,-0.042617783,0.896084
-0.3325285307608697,0.3067432080459878,1.7903359052972156,-0.31424403,0.28336927,1.78207
-0.8694819753243683,-0.105026324874296,-0.1915079623919492,-0.8738322,-0.0767518,-0.18548836
0.2568046161466148,1.0172660559363758,1.6638352328915254,0.24088381,1.0224295,1.6654403
0.5830634787096943,0.3489756529280555,-0.5288430888071284,0.5820506,0.34510535,-0.53179073
0.2568046161466148,1.0172660559363758,1.6638352328915254,0.24088381,1.0224295,1.6654403
0.5830634787096943,0.3489756529280555,-0.5288430888071284,0.5820506,0.34510535,-0.53179073
1.325394764457715,-0.5000077824441818,0.3144947272308149,1.3300048,-0.47707894,0.2998695
-1.985435199804674,0.2518669137017295,-0.3180086347976425,-1.9837852,0.24123846,-0.32777324
-0.1930318102188625,-1.378780271126029,-0.1071741807881566,-0.21139595,-1.3830031,-0.12142738
0.5786584910264272,-0.3485836582951384,0.6096629628440963,0.56448567,-0.3677447,0.6251511
-0.1930318102188625,-1.378780271126029,-0.1071741807881566,-0.21139595,-1.3830031,-0.12142738
0.2026273363964781,0.3329919193191797,-0.9083451060242022,0.20276846,0.32797763,-0.91153574
0.2568046161466148,1.0172660559363758,1.6638352328915254,0.24088381,1.0224295,1.6654403
-0.4207629164363726,2.95634767709298,1.4530007788820396,-0.41187534,2.9317796,1.4599386
0.5786584910264272,-0.3485836582951384,0.6096629628440963,0.56448567,-0.3677447,0.6251511
1.325394764457715,-0.5000077824441818,0.3144947272308149,1.3300048,-0.47707894,0.2998695
-2.081030763738692,0.0091132705609736,-0.9505119968261,-2.074444,0.03243475,-0.9420616
1.2156077646761765,0.0930767600510916,0.9891649800611702,1.2154273,0.09950738,0.9946306
-0.4207629164363726,2.95634767709298,1.4530007788820396,-0.41187534,2.9317796,1.4599386
0.2568046161466148,1.0172660559363758,1.6638352328915254,0.24088381,1.0224295,1.6654403
0.2026273363964781,0.3329919193191797,-0.9083451060242022,0.20276846,0.32797763,-0.91153574
0.2024393611413101,-1.303588717536631,-0.9926788876279976,0.19176304,-1.3107331,-0.9812267
1.325394764457715,-0.5000077824441818,0.3144947272308149,1.3300048,-0.47707894,0.2998695
-0.1443179207895172,0.1793802176413217,-0.3180086347976425,-0.14650063,0.1683513,-0.32495603
-0.1443179207895172,0.1793802176413217,-0.3180086347976425,-0.14650063,0.1683513,-0.32495603
0.9797529926203732,0.5567370804615919,-0.0650072899862589,0.98612255,0.5227886,-0.059395187
-0.3562735761340631,-1.7501404600112933,-0.3601755255995402,-0.3542701,-1.7481455,-0.34116623
0.3094723832560785,-0.0518429599688844,0.9048311984573746,0.31393245,-0.042617783,0.896084
-0.8694819753243683,-0.105026324874296,-0.1915079623919492,-0.8738322,-0.0767518,-0.18548836
0.7295589439744146,-0.8762567137464611,1.916836577702909,0.72965163,-0.86340684,1.9043084
-0.1930318102188625,-1.378780271126029,-0.1071741807881566,-0.21139595,-1.3830031,-0.12142738
-0.8694819753243683,-0.105026324874296,-0.1915079623919492,-0.8738322,-0.0767518,-0.18548836
0.2026273363964781,0.3329919193191797,-0.9083451060242022,0.20276846,0.32797763,-0.91153574
-1.9857334464928411,-0.484893412407306,-2.215518720883015,-1.9855915,-0.4884301,-2.2060764
0.5786584910264272,-0.3485836582951384,0.6096629628440963,0.56448567,-0.3677447,0.6251511
0.5830634787096943,0.3489756529280555,-0.5288430888071284,0.5820506,0.34510535,-0.53179073
0.5786584910264272,-0.3485836582951384,0.6096629628440963,0.56448567,-0.3677447,0.6251511
-0.3562735761340631,-1.7501404600112933,-0.3601755255995402,-0.3542701,-1.7481455,-0.34116623
0.7295589439744146,-0.8762567137464611,1.916836577702909,0.72965163,-0.86340684,1.9043084
-0.3924403201656704,-1.5004103977846484,-0.2758417439957447,-0.3844211,-1.4855268,-0.28171813
0.9797529926203732,0.5567370804615919,-0.0650072899862589,0.98612255,0.5227886,-0.059395187
-2.081030763738692,0.0091132705609736,-0.9505119968261,-2.074444,0.03243475,-0.9420616
-0.1443179207895172,0.1793802176413217,-0.3180086347976425,-0.14650063,0.1683513,-0.32495603
1.325394764457715,-0.5000077824441818,0.3144947272308149,1.3300048,-0.47707894,0.2998695
0.2568046161466148,1.0172660559363758,1.6638352328915254,0.24088381,1.0224295,1.6654403
0.2568046161466148,1.0172660559363758,1.6638352328915254,0.24088381,1.0224295,1.6654403
-0.8694819753243683,-0.105026324874296,-0.1915079623919492,-0.8738322,-0.0767518,-0.18548836
-0.3325285307608697,0.3067432080459878,1.7903359052972156,-0.31424403,0.28336927,1.78207
-1.985435199804674,0.2518669137017295,-0.3180086347976425,-1.9837852,0.24123846,-0.32777324
0.2026273363964781,0.3329919193191797,-0.9083451060242022,0.20276846,0.32797763,-0.91153574
1.8420303208297435,0.396288852094476,-0.3601755255995402,1.8468764,0.37903565,-0.3665862
-0.6463810425440487,0.1358291421737789,-0.9083451060242022,-0.6392781,0.13340113,-0.90181315
-0.8694819753243683,-0.105026324874296,-0.1915079623919492,-0.8738322,-0.0767518,-0.18548836
-0.3325285307608697,0.3067432080459878,1.7903359052972156,-0.31424403,0.28336927,1.78207
-0.4207629164363726,2.95634767709298,1.4530007788820396,-0.41187534,2.9317796,1.4599386
-0.8694819753243683,-0.105026324874296,-0.1915079623919492,-0.8738322,-0.0767518,-0.18548836
-0.3562735761340631,-1.7501404600112933,-0.3601755255995402,-0.3542701,-1.7481455,-0.34116623
-0.3325285307608697,0.3067432080459878,1.7903359052972156,-0.31424403,0.28336927,1.78207
-0.3562735761340631,-1.7501404600112933,-0.3601755255995402,-0.3542701,-1.7481455,-0.34116623
0.2568046161466148,1.0172660559363758,1.6638352328915254,0.24088381,1.0224295,1.6654403
0.239573742207419,-0.018715816854753,-0.6131768704109208,0.22909668,-0.005967144,-0.6000812
0.9424333069675356,1.7336297650420915,-0.5288430888071284,0.9375007,1.7303067,-0.5316795
1.2156077646761765,0.0930767600510916,0.9891649800611702,1.2154273,0.09950738,0.9946306
-0.1930318102188625,-1.378780271126029,-0.1071741807881566,-0.21139595,-1.3830031,-0.12142738
-1.9857334464928411,-0.484893412407306,-2.215518720883015,-1.9855915,-0.4884301,-2.2060764
1.325394764457715,-0.5000077824441818,0.3144947272308149,1.3300048,-0.47707894,0.2998695
0.2568046161466148,1.0172660559363758,1.6638352328915254,0.24088381,1.0224295,1.6654403
-0.1930318102188625,-1.378780271126029,-0.1071741807881566,-0.21139595,-1.3830031,-0.12142738
0.239573742207419,-0.018715816854753,-0.6131768704109208,0.22909668,-0.005967144,-0.6000812
0.2026273363964781,0.3329919193191797,-0.9083451060242022,0.20276846,0.32797763,-0.91153574
-0.1443179207895172,0.1793802176413217,-0.3180086347976425,-0.14650063,0.1683513,-0.32495603
0.5830634787096943,0.3489756529280555,-0.5288430888071284,0.5820506,0.34510535,-0.53179073
-2.081030763738692,0.0091132705609736,-0.9505119968261,-2.074444,0.03243475,-0.9420616
0.5830634787096943,0.3489756529280555,-0.5288430888071284,0.5820506,0.34510535,-0.53179073
0.9424333069675356,1.7336297650420915,-0.5288430888071284,0.9375007,1.7303067,-0.5316795
0.5830634787096943,0.3489756529280555,-0.5288430888071284,0.5820506,0.34510535,-0.53179073
-0.6463810425440487,0.1358291421737789,-0.9083451060242022,-0.6392781,0.13340113,-0.90181315
-0.6463810425440487,0.1358291421737789,-0.9083451060242022,-0.6392781,0.13340113,-0.90181315
0.2568046161466148,1.0172660559363758,1.6638352328915254,-0.64623374,0.19347818,0.26762223
-1.9857334464928411,-0.484893412407306,-2.215518720883015,-1.9855915,-0.4884301,-2.2060764
-0.1443179207895172,0.1793802176413217,-0.3180086347976425,-0.14650063,0.1683513,-0.32495603
0.9797529926203732,0.5567370804615919,-0.0650072899862589,0.98612255,0.5227886,-0.059395187
-0.4207629164363726,2.95634767709298,1.4530007788820396,-0.41187534,2.9317796,1.4599386
-0.8694819753243683,-0.105026324874296,-0.1915079623919492,-0.8738322,-0.0767518,-0.18548836
0.5830634787096943,0.3489756529280555,-0.5288430888071284,0.5820506,0.34510535,-0.53179073
-0.3924403201656704,-1.5004103977846484,-0.2758417439957447,-0.3844211,-1.4855268,-0.28171813
-0.8694819753243683,-0.105026324874296,-0.1915079623919492,-0.8738322,-0.0767518,-0.18548836
0.3094723832560785,-0.0518429599688844,0.9048311984573746,0.31393245,-0.042617783,0.896084
1.325394764457715,-0.5000077824441818,0.3144947272308149,1.3300048,-0.47707894,0.2998695
1.8420303208297435,0.396288852094476,-0.3601755255995402,1.8468764,0.37903565,-0.3665862
-0.29000253762250605,-1.4111519776810417,-0.21903930981797326,-0.39463165,-1.3394332,-0.32786757
0.7295589439744146,-0.8762567137464611,1.916836577702909,0.72965163,-0.86340684,1.9043084
-1.985435199804674,0.2518669137017295,-0.3180086347976425,-1.9837852,0.24123846,-0.32777324
1.8420303208297435,0.396288852094476,-0.3601755255995402,1.8468764,0.37903565,-0.3665862
-0.3325285307608697,0.3067432080459878,1.7903359052972156,-0.31424403,0.28336927,1.78207
0.2568046161466148,1.0172660559363758,1.6638352328915254,0.24088381,1.0224295,1.6654403
1.325394764457715,-0.5000077824441818,0.3144947272308149,1.3300048,-0.47707894,0.2998695
0.2568046161466148,1.0172660559363758,1.6638352328915254,0.24088381,1.0224295,1.6654403
-2.081030763738692,0.0091132705609736,-0.9505119968261,-2.074444,0.03243475,-0.9420616
0.239573742207419,-0.018715816854753,-0.6131768704109208,0.22909668,-0.005967144,-0.6000812
0.5786584910264272,-0.3485836582951384,0.6096629628440963,0.56448567,-0.3677447,0.6251511
-0.6463810425440487,0.1358291421737789,-0.9083451060242022,-0.6392781,0.13340113,-0.90181315
0.5830634787096943,0.3489756529280555,-0.5288430888071284,0.5820506,0.34510535,-0.53179073
-0.6463810425440487,0.1358291421737789,-0.9083451060242022,-0.6392781,0.13340113,-0.90181315
0.2568046161466148,1.0172660559363758,1.6638352328915254,0.24088381,1.0224295,1.6654403
-2.081030763738692,0.0091132705609736,-0.9505119968261,-2.074444,0.03243475,-0.9420616
0.9424333069675356,1.7336297650420915,-0.5288430888071284,0.010664594,0.24969305,0.09462849
-1.985435199804674,0.2518669137017295,-0.3180086347976425,-1.9837852,0.24123846,-0.32777324
-1.9857334464928411,-0.484893412407306,-2.215518720883015,-1.9855915,-0.4884301,-2.2060764
-0.8694819753243683,-0.105026324874296,-0.1915079623919492,-0.8738322,-0.0767518,-0.18548836
0.9424333069675356,1.7336297650420915,-0.5288430888071284,0.9375007,1.7303067,-0.5316795
-0.8694819753243683,-0.105026324874296,-0.1915079623919492,-0.8738322,-0.0767518,-0.18548836
0.5786584910264272,-0.3485836582951384,0.6096629628440963,0.56448567,-0.3677447,0.6251511
0.239573742207419,-0.018715816854753,-0.6131768704109208,0.22909668,-0.005967144,-0.6000812
0.9797529926203732,0.5567370804615919,-0.0650072899862589,0.98612255,0.5227886,-0.059395187
-0.1930318102188625,-1.378780271126029,-0.1071741807881566,-0.21139595,-1.3830031,-0.12142738
0.2026273363964781,0.3329919193191797,-0.9083451060242022,0.20276846,0.32797763,-0.91153574
1.2156077646761765,0.0930767600510916,0.9891649800611702,1.2154273,0.09950738,0.9946306
0.9424333069675356,1.7336297650420915,-0.5288430888071284,0.9375007,1.7303067,-0.5316795
-0.1930318102188625,-1.378780271126029,-0.1071741807881566,-0.21139595,-1.3830031,-0.12142738
-1.985435199804674,0.2518669137017295,-0.3180086347976425,-1.9837852,0.24123846,-0.32777324
-0.4207629164363726,2.95634767709298,1.4530007788820396,-0.41187534,2.9317796,1.4599386
-2.081030763738692,0.0091132705609736,-0.9505119968261,-2.074444,0.03243475,-0.9420616
0.3094723832560785,-0.0518429599688844,0.9048311984573746,0.31393245,-0.042617783,0.896084
-0.3924403201656704,-1.5004103977846484,-0.2758417439957447,-0.3844211,-1.4855268,-0.28171813
0.2024393611413101,-1.303588717536631,-0.9926788876279976,0.19176304,-1.3107331,-0.9812267
-0.4207629164363726,2.95634767709298,1.4530007788820396,-0.41187534,2.9317796,1.4599386
1.325394764457715,-0.5000077824441818,0.3144947272308149,1.3300048,-0.47707894,0.2998695
0.9424333069675356,1.7336297650420915,-0.5288430888071284,0.9375007,1.7303067,-0.5316795
1.8420303208297435,0.396288852094476,-0.3601755255995402,1.8468764,0.37903565,-0.3665862
-1.985435199804674,0.2518669137017295,-0.3180086347976425,-1.9837852,0.24123846,-0.32777324
-1.985435199804674,0.2518669137017295,-0.3180086347976425,-1.9837852,0.24123846,-0.32777324
-0.8694819753243683,-0.105026324874296,-0.1915079623919492,-0.8738322,-0.0767518,-0.18548836
-0.1443179207895172,0.1793802176413217,-0.3180086347976425,-0.14650063,0.1683513,-0.32495603
0.9797529926203732,0.5567370804615919,-0.0650072899862589,0.98612255,0.5227886,-0.059395187
0.23962804821169487,0.36483723348779024,-0.8913055356240969,0.20276009,-0.2431512,-0.91587853
-1.985435199804674,0.2518669137017295,-0.3180086347976425,-1.9837852,0.24123846,-0.32777324
0.9424333069675356,1.7336297650420915,-0.5288430888071284,0.9375007,1.7303067,-0.5316795
0.9797529926203732,0.5567370804615919,-0.0650072899862589,0.98612255,0.5227886,-0.059395187
-0.1930318102188625,-1.378780271126029,-0.1071741807881566,-0.21139595,-1.3830031,-0.12142738
-0.3562735761340631,-1.7501404600112933,-0.3601755255995402,-0.3542701,-1.7481455,-0.34116623
-0.7273746422636372,0.023465714406736116,-0.8582578361416268,-0.54377013,-0.19348103,-0.8806935
1.325394764457715,-0.5000077824441818,0.3144947272308149,1.3300048,-0.47707894,0.2998695
0.5830634787096943,0.3489756529280555,-0.5288430888071284,0.5820506,0.34510535,-0.53179073
-0.1443179207895172,0.1793802176413217,-0.3180086347976425,-0.14650063,0.1683513,-0.32495603
1.325394764457715,-0.5000077824441818,0.3144947272308149,-0.6376515,-0.67892784,0.06981466
-0.1443179207895172,0.1793802176413217,-0.3180086347976425,-0.14650063,0.1683513,-0.32495603
0.2026273363964781,0.3329919193191797,-0.9083451060242022,0.20276846,0.32797763,-0.91153574
-0.3562735761340631,-1.7501404600112933,-0.3601755255995402,-0.3542701,-1.7481455,-0.34116623
-0.3325285307608697,0.3067432080459878,1.7903359052972156,-0.31424403,0.28336927,1.78207
-0.8694819753243683,-0.105026324874296,-0.1915079623919492,-0.8738322,-0.0767518,-0.18548836
-1.985435199804674,0.2518669137017295,-0.3180086347976425,-1.9837852,0.24123846,-0.32777324
-2.081030763738692,0.0091132705609736,-0.9505119968261,-2.074444,0.03243475,-0.9420616
0.3094723832560785,-0.0518429599688844,0.9048311984573746,0.31393245,-0.042617783,0.896084
0.2026273363964781,0.3329919193191797,-0.9083451060242022,0.51074225,-0.0691655,0.060855396
0.7295589439744146,-0.8762567137464611,1.916836577702909,0.72965163,-0.86340684,1.9043084
0.9797529926203732,0.5567370804615919,-0.0650072899862589,0.98612255,0.5227886,-0.059395187
-0.1930318102188625,-1.378780271126029,-0.1071741807881566,-0.21139595,-1.3830031,-0.12142738
0.9797529926203732,0.5567370804615919,-0.0650072899862589,0.98612255,0.5227886,-0.059395187
0.5786584910264272,-0.3485836582951384,0.6096629628440963,0.56448567,-0.3677447,0.6251511
-0.3562735761340631,-1.7501404600112933,-0.3601755255995402,-0.3542701,-1.7481455,-0.34116623
-0.3325285307608697,0.3067432080459878,1.7903359052972156,-0.31424403,0.28336927,1.78207
-0.3325285307608697,0.3067432080459878,1.7903359052972156,-0.31424403,0.28336927,1.78207
-0.3562735761340631,-1.7501404600112933,-0.3601755255995402,-0.3542701,-1.7481455,-0.34116623
-1.9857334464928411,-0.484893412407306,-2.215518720883015,-1.9855915,-0.4884301,-2.2060764
0.239573742207419,-0.018715816854753,-0.6131768704109208,0.22909668,-0.005967144,-0.6000812
-0.8694819753243683,-0.105026324874296,-0.1915079623919492,-0.8738322,-0.0767518,-0.18548836
0.2024393611413101,-1.303588717536631,-0.9926788876279976,0.19176304,-1.3107331,-0.9812267
1.8420303208297435,0.396288852094476,-0.3601755255995402,1.8468764,0.37903565,-0.3665862
0.2024393611413101,-1.303588717536631,-0.9926788876279976,0.19176304,-1.3107331,-0.9812267
-0.6463810425440487,0.1358291421737789,-0.9083451060242022,-0.6392781,0.13340113,-0.90181315
-0.3325285307608697,0.3067432080459878,1.7903359052972156,-0.31424403,0.28336927,1.78207
-0.8694819753243683,-0.105026324874296,-0.1915079623919492,-0.8738322,-0.0767518,-0.18548836
0.2024393611413101,-1.303588717536631,-0.9926788876279976,0.19176304,-1.3107331,-0.9812267
-0.4207629164363726,2.95634767709298,1.4530007788820396,-0.41187534,2.9317796,1.4599386
-0.4207629164363726,2.95634767709298,1.4530007788820396,-0.41187534,2.9317796,1.4599386
1.325394764457715,-0.5000077824441818,0.3144947272308149,1.3300048,-0.47707894,0.2998695
0.9424333069675356,1.7336297650420915,-0.5288430888071284,0.9375007,1.7303067,-0.5316795
0.9424333069675356,1.7336297650420915,-0.5288430888071284,0.9375007,1.7303067,-0.5316795
-0.3924403201656704,-1.5004103977846484,-0.2758417439957447,-0.49826375,-0.5036757,-0.37816867
-0.1930318102188625,-1.378780271126029,-0.1071741807881566,-0.21139595,-1.3830031,-0.12142738
0.9424333069675356,1.7336297650420915,-0.5288430888071284,0.9375007,1.7303067,-0.5316795
0.2568046161466148,1.0172660559363758,1.6638352328915254,0.24088381,1.0224295,1.6654403
-0.3924403201656704,-1.5004103977846484,-0.2758417439957447,-0.3844211,-1.4855268,-0.28171813
0.7295589439744146,-0.8762567137464611,1.916836577702909,0.72965163,-0.86340684,1.9043084
0.239573742207419,-0.018715816854753,-0.6131768704109208,0.22909668,-0.005967144,-0.6000812
0.9424333069675356,1.7336297650420915,-0.5288430888071284,0.9375007,1.7303067,-0.5316795
1.8420303208297435,0.396288852094476,-0.3601755255995402,1.8468764,0.37903565,-0.3665862
1.2156077646761765,0.0930767600510916,0.9891649800611702,1.2154273,0.09950738,0.9946306
-0.1930318102188625,-1.378780271126029,-0.1071741807881566,-0.21139595,-1.3830031,-0.12142738
-1.9857334464928411,-0.484893412407306,-2.215518720883015,-1.9855915,-0.4884301,-2.2060764
0.2026273363964781,0.3329919193191797,-0.9083451060242022,0.20276846,0.32797763,-0.91153574
-0.4207629164363726,2.95634767709298,1.4530007788820396,-0.41187534,2.9317796,1.4599386
-0.3325285307608697,0.3067432080459878,1.7903359052972156,-0.31424403,0.28336927,1.78207
-1.9857334464928411,-0.484893412407306,-2.215518720883015,-1.9855915,-0.4884301,-2.2060764
0.3094723832560785,-0.0518429599688844,0.9048311984573746,0.080048285,-0.80643797,-0.22941579
0.9797529926203732,0.5567370804615919,-0.0650072899862589,0.98612255,0.5227886,-0.059395187
-1.9857334464928411,-0.484893412407306,-2.215518720883015,-1.9855915,-0.4884301,-2.2060764
-0.3924403201656704,-1.5004103977846484,-0.2758417439957447,-0.3844211,-1.4855268,-0.28171813
-0.3325285307608697,0.3067432080459878,1.7903359052972156,-0.31424403,0.28336927,1.78207
0.2024393611413101,-1.303588717536631,-0.9926788876279976,0.19176304,-1.3107331,-0.9812267
-0.3924403201656704,-1.5004103977846484,-0.2758417439957447,-0.3844211,-1.4855268,-0.28171813
-0.1443179207895172,0.1793802176413217,-0.3180086347976425,-0.14650063,0.1683513,-0.32495603
0.5786584910264272,-0.3485836582951384,0.6096629628440963,0.56448567,-0.3677447,0.6251511
-0.3924403201656704,-1.5004103977846484,-0.2758417439957447,-0.3844211,-1.4855268,-0.28171813
1.8561596699757084,0.43465471411753737,-0.41718357155585173,1.0237199,-0.0370221,-0.41375473
-1.985435199804674,0.2518669137017295,-0.3180086347976425,-1.9837852,0.24123846,-0.32777324
-2.081030763738692,0.0091132705609736,-0.9505119968261,-2.074444,0.03243475,-0.9420616
0.7295589439744146,-0.8762567137464611,1.916836577702909,0.72965163,-0.86340684,1.9043084
-0.4207629164363726,2.95634767709298,1.4530007788820396,-0.41187534,2.9317796,1.4599386
-0.3924403201656704,-1.5004103977846484,-0.2758417439957447,-0.3844211,-1.4855268,-0.28171813
1.2156077646761765,0.0930767600510916,0.9891649800611702,1.2154273,0.09950738,0.9946306
-0.3325285307608697,0.3067432080459878,1.7903359052972156,-0.31424403,0.28336927,1.78207
0.2024393611413101,-1.303588717536631,-0.9926788876279976,0.20159055,-1.3017383,-0.97785574
-0.1443179207895172,0.1793802176413217,-0.3180086347976425,-0.14394581,0.16756955,-0.32922608
0.2568046161466148,1.0172660559363758,1.6638352328915254,0.24561712,1.0233631,1.664715
-0.3924403201656704,-1.5004103977846484,-0.2758417439957447,-0.3860264,-1.4798112,-0.27482986
0.7295589439744146,-0.8762567137464611,1.916836577702909,0.7354451,-0.8531389,1.9002335
-0.3924403201656704,-1.5004103977846484,-0.2758417439957447,-0.3860264,-1.4798112,-0.27482986
0.9797529926203732,0.5567370804615919,-0.0650072899862589,0.98511636,0.52439934,-0.059107766
0.2568046161466148,1.0172660559363758,1.6638352328915254,0.24561712,1.0233631,1.664715
-0.3924403201656704,-1.5004103977846484,-0.2758417439957447,-0.3860264,-1.4798112,-0.27482986
-1.9857334464928411,-0.484893412407306,-2.215518720883015,-1.979409,-0.48297587,-2.199752
0.2024393611413101,-1.303588717536631,-0.9926788876279976,0.20159055,-1.3017383,-0.97785574
0.2568046161466148,1.0172660559363758,1.6638352328915254,0.24561712,1.0233631,1.664715
0.239573742207419,-0.018715816854753,-0.6131768704109208,0.22455156,-0.011213675,-0.60463566
-2.081030763738692,0.0091132705609736,-0.9505119968261,-2.0695,0.025282457,-0.9406173
-1.9857334464928411,-0.484893412407306,-2.215518720883015,-1.979409,-0.48297587,-2.199752
0.2024393611413101,-1.303588717536631,-0.9926788876279976,0.20159055,-1.3017383,-0.97785574
0.5830634787096943,0.3489756529280555,-0.5288430888071284,0.58908814,0.34223577,-0.5276915
-0.1930318102188625,-1.378780271126029,-0.1071741807881566,-0.21076228,-1.4010643,-0.12418109
-0.3325285307608697,0.3067432080459878,1.7903359052972156,-0.31742936,0.29560408,1.7883555
-0.3562735761340631,-1.7501404600112933,-0.3601755255995402,-0.35511294,-1.7373544,-0.33090305
1.2156077646761765,0.0930767600510916,0.9891649800611702,1.2122332,0.10153282,0.9916142
-0.3924403201656704,-1.5004103977846484,-0.2758417439957447,-0.3860264,-1.4798112,-0.27482986
-0.3562735761340631,-1.7501404600112933,-0.3601755255995402,-0.35511294,-1.7373544,-0.33090305
-0.6463810425440487,0.1358291421737789,-0.9083451060242022,-0.64544034,0.13312124,-0.9004856
0.5681239903082693,-0.4093782045003449,0.5314890654506619,0.48869285,-0.36792797,0.6438883
0.239573742207419,-0.018715816854753,-0.6131768704109208,0.22455156,-0.011213675,-0.60463566
-0.6463810425440487,0.1358291421737789,-0.9083451060242022,-0.64544034,0.13312124,-0.9004856
-2.081030763738692,0.0091132705609736,-0.9505119968261,-2.0695,0.025282457,-0.9406173
-1.9857334464928411,-0.484893412407306,-2.215518720883015,-1.979409,-0.48297587,-2.199752
0.239573742207419,-0.018715816854753,-0.6131768704109208,0.22455156,-0.011213675,-0.60463566
-0.4207629164363726,2.95634767709298,1.4530007788820396,-0.41598427,2.929698,1.4694438
0.2568046161466148,1.0172660559363758,1.6638352328915254,0.24561712,1.0233631,1.664715
-0.6463810425440487,0.1358291421737789,-0.9083451060242022,-0.64544034,0.13312124,-0.9004856
-1.985435199804674,0.2518669137017295,-0.3180086347976425,-1.9660615,0.24320102,-0.33545133
0.2024393611413101,-1.303588717536631,-0.9926788876279976,0.20159055,-1.3017383,-0.97785574
1.8420303208297435,0.396288852094476,-0.3601755255995402,1.8454047,0.400715,-0.3492603
0.9797529926203732,0.5567370804615919,-0.0650072899862589,0.98511636,0.52439934,-0.059107766
-1.9857334464928411,-0.484893412407306,-2.215518720883015,-1.979409,-0.48297587,-2.199752
1.8420303208297435,0.396288852094476,-0.3601755255995402,1.8454047,0.400715,-0.3492603
-0.3325285307608697,0.3067432080459878,1.7903359052972156,-0.31742936,0.29560408,1.7883555
1.2156077646761765,0.0930767600510916,0.9891649800611702,1.2122332,0.10153282,0.9916142
-0.3562735761340631,-1.7501404600112933,-0.3601755255995402,-0.35511294,-1.7373544,-0.33090305
0.2026273363964781,0.3329919193191797,-0.9083451060242022,0.20584036,0.3292123,-0.90835595
0.7295589439744146,-0.8762567137464611,1.916836577702909,0.7354451,-0.8531389,1.9002335
0.2568046161466148,1.0172660559363758,1.6638352328915254,0.24561712,1.0233631,1.664715
0.9424333069675356,1.7336297650420915,-0.5288430888071284,0.93285054,1.7320364,-0.5313797
1.325394764457715,-0.5000077824441818,0.3144947272308149,1.3225948,-0.48163104,0.2975837
1.8420303208297435,0.396288852094476,-0.3601755255995402,1.8454047,0.400715,-0.3492603
0.2024393611413101,-1.303588717536631,-0.9926788876279976,0.20159055,-1.3017383,-0.97785574
-0.1930318102188625,-1.378780271126029,-0.1071741807881566,-0.21076228,-1.4010643,-0.12418109
-1.9857334464928411,-0.484893412407306,-2.215518720883015,-1.979409,-0.48297587,-2.199752
-0.4207629164363726,2.95634767709298,1.4530007788820396,-0.41598427,2.929698,1.4694438
0.9424333069675356,1.7336297650420915,-0.5288430888071284,0.93285054,1.7320364,-0.5313797
0.239573742207419,-0.018715816854753,-0.6131768704109208,0.22455156,-0.011213675,-0.60463566
-1.985435199804674,0.2518669137017295,-0.3180086347976425,-1.9660615,0.24320102,-0.33545133
-0.3562735761340631,-1.7501404600112933,-0.3601755255995402,-0.35511294,-1.7373544,-0.33090305
0.5786584910264272,-0.3485836582951384,0.6096629628440963,0.55712044,-0.3543213,0.6268408
0.7295589439744146,-0.8762567137464611,1.916836577702909,0.7354451,-0.8531389,1.9002335
-0.1443179207895172,0.1793802176413217,-0.3180086347976425,-0.14394581,0.16756955,-0.32922608
1.2156077646761765,0.0930767600510916,0.9891649800611702,1.2122332,0.10153282,0.9916142
-0.3325285307608697,0.3067432080459878,1.7903359052972156,-0.31742936,0.29560408,1.7883555
1.2156077646761765,0.0930767600510916,0.9891649800611702,1.2122332,0.10153282,0.9916142
0.2024393611413101,-1.303588717536631,-0.9926788876279976,0.20159055,-1.3017383,-0.97785574
0.239573742207419,-0.018715816854753,-0.6131768704109208,0.22455156,-0.011213675,-0.60463566
0.2024393611413101,-1.303588717536631,-0.9926788876279976,0.20159055,-1.3017383,-0.97785574
-0.3325285307608697,0.3067432080459878,1.7903359052972156,-0.31742936,0.29560408,1.7883555
0.5786584910264272,-0.3485836582951384,0.6096629628440963,0.55712044,-0.3543213,0.6268408
-1.985435199804674,0.2518669137017295,-0.3180086347976425,-1.9660615,0.24320102,-0.33545133
-0.1930318102188625,-1.378780271126029,-0.1071741807881566,-0.21076228,-1.4010643,-0.12418109
-0.4207629164363726,2.95634767709298,1.4530007788820396,-0.41598427,2.929698,1.4694438
0.5830634787096943,0.3489756529280555,-0.5288430888071284,0.58908814,0.34223577,-0.5276915
0.9424333069675356,1.7336297650420915,-0.5288430888071284,0.93285054,1.7320364,-0.5313797
-0.1443179207895172,0.1793802176413217,-0.3180086347976425,-0.14394581,0.16756955,-0.32922608
-0.1443179207895172,0.1793802176413217,-0.3180086347976425,-0.14394581,0.16756955,-0.32922608
1.2156077646761765,0.0930767600510916,0.9891649800611702,1.2122332,0.10153282,0.9916142
1.325394764457715,-0.5000077824441818,0.3144947272308149,1.3225948,-0.48163104,0.2975837
-0.1443179207895172,0.1793802176413217,-0.3180086347976425,-0.14394581,0.16756955,-0.32922608
0.2568046161466148,1.0172660559363758,1.6638352328915254,0.24561712,1.0233631,1.664715
-1.9857334464928411,-0.484893412407306,-2.215518720883015,-1.979409,-0.48297587,-2.199752
-1.9857334464928411,-0.484893412407306,-2.215518720883015,-1.979409,-0.48297587,-2.199752
-2.081030763738692,0.0091132705609736,-0.9505119968261,-2.0695,0.025282457,-0.9406173
0.7295589439744146,-0.8762567137464611,1.916836577702909,0.7354451,-0.8531389,1.9002335
-2.081030763738692,0.0091132705609736,-0.9505119968261,-2.0695,0.025282457,-0.9406173
0.2026273363964781,0.3329919193191797,-0.9083451060242022,0.20584036,0.3292123,-0.90835595
-0.3924403201656704,-1.5004103977846484,-0.2758417439957447,-0.3860264,-1.4798112,-0.27482986
1.325394764457715,-0.5000077824441818,0.3144947272308149,1.3225948,-0.48163104,0.2975837
0.7295589439744146,-0.8762567137464611,1.916836577702909,0.7354451,-0.8531389,1.9002335
-0.3924403201656704,-1.5004103977846484,-0.2758417439957447,-0.3860264,-1.4798112,-0.27482986
-1.9857334464928411,-0.484893412407306,-2.215518720883015,-1.979409,-0.48297587,-2.199752
1.325394764457715,-0.5000077824441818,0.3144947272308149,1.3225948,-0.48163104,0.2975837
1.2156077646761765,0.0930767600510916,0.9891649800611702,1.2122332,0.10153282,0.9916142
-0.6463810425440487,0.1358291421737789,-0.9083451060242022,-0.64544034,0.13312124,-0.9004856
-2.081030763738692,0.0091132705609736,-0.9505119968261,-2.0695,0.025282457,-0.9406173
0.7295589439744146,-0.8762567137464611,1.916836577702909,0.7354451,-0.8531389,1.9002335
0.5830634787096943,0.3489756529280555,-0.5288430888071284,0.58908814,0.34223577,-0.5276915
-0.3325285307608697,0.3067432080459878,1.7903359052972156,-0.31742936,0.29560408,1.7883555
0.239573742207419,-0.018715816854753,-0.6131768704109208,0.22455156,-0.011213675,-0.60463566
-1.985435199804674,0.2518669137017295,-0.3180086347976425,-1.9660615,0.24320102,-0.33545133
0.6135411433551073,-0.9244386359649013,1.8710787719106128,0.8891944,0.6938361,1.9392005
1.2156077646761765,0.0930767600510916,0.9891649800611702,1.2122332,0.10153282,0.9916142
0.5830634787096943,0.3489756529280555,-0.5288430888071284,0.58908814,0.34223577,-0.5276915
0.5830634787096943,0.3489756529280555,-0.5288430888071284,0.58908814,0.34223577,-0.5276915
1.8420303208297435,0.396288852094476,-0.3601755255995402,1.8454047,0.400715,-0.3492603
-0.1930318102188625,-1.378780271126029,-0.1071741807881566,-0.21076228,-1.4010643,-0.12418109
-2.081030763738692,0.0091132705609736,-0.9505119968261,-2.0695,0.025282457,-0.9406173
-1.9857334464928411,-0.484893412407306,-2.215518720883015,-1.979409,-0.48297587,-2.199752
-0.3325285307608697,0.3067432080459878,1.7903359052972156,-0.31742936,0.29560408,1.7883555
0.9797529926203732,0.5567370804615919,-0.0650072899862589,0.98511636,0.52439934,-0.059107766
-1.985435199804674,0.2518669137017295,-0.3180086347976425,-1.9660615,0.24320102,-0.33545133
-0.6463810425440487,0.1358291421737789,-0.9083451060242022,-0.64544034,0.13312124,-0.9004856
1.8420303208297435,0.396288852094476,-0.3601755255995402,1.8454047,0.400715,-0.3492603
-1.985435199804674,0.2518669137017295,-0.3180086347976425,-1.9660615,0.24320102,-0.33545133
-0.3924403201656704,-1.5004103977846484,-0.2758417439957447,-0.3860264,-1.4798112,-0.27482986
-1.9857334464928411,-0.484893412407306,-2.215518720883015,-1.979409,-0.48297587,-2.199752
-1.9857334464928411,-0.484893412407306,-2.215518720883015,-1.979409,-0.48297587,-2.199752
-0.1443179207895172,0.1793802176413217,-0.3180086347976425,-0.14394581,0.16756955,-0.32922608
0.2026273363964781,0.3329919193191797,-0.9083451060242022,0.20584036,0.3292123,-0.90835595
-0.1930318102188625,-1.378780271126029,-0.1071741807881566,-0.21076228,-1.4010643,-0.12418109
0.5786584910264272,-0.3485836582951384,0.6096629628440963,0.55712044,-0.3543213,0.6268408
-0.3924403201656704,-1.5004103977846484,-0.2758417439957447,-0.3860264,-1.4798112,-0.27482986
-0.8694819753243683,-0.105026324874296,-0.1915079623919492,-0.86548823,-0.08925674,-0.19464383
0.2568046161466148,1.0172660559363758,1.6638352328915254,0.24561712,1.0233631,1.664715
0.9797529926203732,0.5567370804615919,-0.0650072899862589,0.98511636,0.52439934,-0.059107766
0.2568046161466148,1.0172660559363758,1.6638352328915254,0.24561712,1.0233631,1.664715
-0.3562735761340631,-1.7501404600112933,-0.3601755255995402,-0.35511294,-1.7373544,-0.33090305
-0.1930318102188625,-1.378780271126029,-0.1071741807881566,-0.21076228,-1.4010643,-0.12418109
0.9424333069675356,1.7336297650420915,-0.5288430888071284,0.93285054,1.7320364,-0.5313797
0.7295589439744146,-0.8762567137464611,1.916836577702909,0.7354451,-0.8531389,1.9002335
0.5786584910264272,-0.3485836582951384,0.6096629628440963,-0.66029865,0.31055832,-0.19848679
0.2024393611413101,-1.303588717536631,-0.9926788876279976,0.20159055,-1.3017383,-0.97785574
0.5830634787096943,0.3489756529280555,-0.5288430888071284,0.58908814,0.34223577,-0.5276915
0.7295589439744146,-0.8762567137464611,1.916836577702909,0.7354451,-0.8531389,1.9002335
-0.1443179207895172,0.1793802176413217,-0.3180086347976425,-0.14394581,0.16756955,-0.32922608
1.8420303208297435,0.396288852094476,-0.3601755255995402,-0.18962929,-0.079593495,-0.4684399
0.9797529926203732,0.5567370804615919,-0.0650072899862589,0.98511636,0.52439934,-0.059107766
0.5786584910264272,-0.3485836582951384,0.6096629628440963,0.55712044,-0.3543213,0.6268408
0.5830634787096943,0.3489756529280555,-0.5288430888071284,0.58908814,0.34223577,-0.5276915
0.5786584910264272,-0.3485836582951384,0.6096629628440963,0.55712044,-0.3543213,0.6268408
1.2156077646761765,0.0930767600510916,0.9891649800611702,1.2122332,0.10153282,0.9916142
-1.985435199804674,0.2518669137017295,-0.3180086347976425,-1.9660615,0.24320102,-0.33545133
-0.4207629164363726,2.95634767709298,1.4530007788820396,-0.41598427,2.929698,1.4694438
-2.081030763738692,0.0091132705609736,-0.9505119968261,-2.0695,0.025282457,-0.9406173
-0.1443179207895172,0.1793802176413217,-0.3180086347976425,-0.14394581,0.16756955,-0.32922608
-0.6463810425440487,0.1358291421737789,-0.9083451060242022,-0.64544034,0.13312124,-0.9004856
-0.3562735761340631,-1.7501404600112933,-0.3601755255995402,-0.35511294,-1.7373544,-0.33090305
0.9797529926203732,0.5567370804615919,-0.0650072899862589,0.98511636,0.52439934,-0.059107766
0.2568046161466148,1.0172660559363758,1.6638352328915254,0.24561712,1.0233631,1.664715
0.239573742207419,-0.018715816854753,-0.6131768704109208,0.22455156,-0.011213675,-0.60463566
0.5830634787096943,0.3489756529280555,-0.5288430888071284,0.58908814,0.34223577,-0.5276915
0.5786584910264272,-0.3485836582951384,0.6096629628440963,0.55712044,-0.3543213,0.6268408
-0.6463810425440487,0.1358291421737789,-0.9083451060242022,-0.64544034,0.13312124,-0.9004856
-0.3325285307608697,0.3067432080459878,1.7903359052972156,-0.31742936,0.29560408,1.7883555
0.7295589439744146,-0.8762567137464611,1.916836577702909,0.7354451,-0.8531389,1.9002335
1.8420303208297435,0.396288852094476,-0.3601755255995402,1.8454047,0.400715,-0.3492603
0.5786584910264272,-0.3485836582951384,0.6096629628440963,0.55712044,-0.3543213,0.6268408
0.5830634787096943,0.3489756529280555,-0.5288430888071284,0.58908814,0.34223577,-0.5276915
-0.3562735761340631,-1.7501404600112933,-0.3601755255995402,-0.35511294,-1.7373544,-0.33090305
-0.1443179207895172,0.1793802176413217,-0.3180086347976425,-0.22827396,0.041176952,-0.2911074
0.2026273363964781,0.3329919193191797,-0.9083451060242022,0.20584036,0.3292123,-0.90835595
0.7295589439744146,-0.8762567137464611,1.916836577702909,0.7354451,-0.8531389,1.9002335
-0.4207629164363726,2.95634767709298,1.4530007788820396,-0.41598427,2.929698,1.4694438
-0.1930318102188625,-1.378780271126029,-0.1071741807881566,-0.21076228,-1.4010643,-0.12418109
-0.1930318102188625,-1.378780271126029,-0.1071741807881566,-0.21076228,-1.4010643,-0.12418109
-0.1443179207895172,0.1793802176413217,-0.3180086347976425,-0.14394581,0.16756955,-0.32922608
0.3094723832560785,-0.0518429599688844,0.9048311984573746,0.3162144,-0.051275946,0.88999504
0.3094723832560785,-0.0518429599688844,0.9048311984573746,0.3162144,-0.051275946,0.88999504
0.5830634787096943,0.3489756529280555,-0.5288430888071284,0.58908814,0.34223577,-0.5276915
0.7295589439744146,-0.8762567137464611,1.916836577702909,0.7354451,-0.8531389,1.9002335
-2.081030763738692,0.0091132705609736,-0.9505119968261,-2.0695,0.025282457,-0.9406173
0.7295589439744146,-0.8762567137464611,1.916836577702909,-0.5006283,-0.0667894,-0.9100568
0.3094723832560785,-0.0518429599688844,0.9048311984573746,0.3162144,-0.051275946,0.88999504
-2.081030763738692,0.0091132705609736,-0.9505119968261,-2.0695,0.025282457,-0.9406173
-0.3924403201656704,-1.5004103977846484,-0.2758417439957447,-0.3860264,-1.4798112,-0.27482986
-0.3562735761340631,-1.7501404600112933,-0.3601755255995402,-0.35511294,-1.7373544,-0.33090305
0.5786584910264272,-0.3485836582951384,0.6096629628440963,0.55712044,-0.3543213,0.6268408
-2.081030763738692,0.0091132705609736,-0.9505119968261,-2.0695,0.025282457,-0.9406173
0.5270866849461681,0.371366338764191,-0.5259293722603561,0.6737487,0.30798167,-0.46219456
0.7295589439744146,-0.8762567137464611,1.916836577702909,0.7354451,-0.8531389,1.9002335
-0.3562735761340631,-1.7501404600112933,-0.3601755255995402,-0.35511294,-1.7373544,-0.33090305
-0.1930318102188625,-1.378780271126029,-0.1071741807881566,-0.21076228,-1.4010643,-0.12418109
-1.9857334464928411,-0.484893412407306,-2.215518720883015,-1.979409,-0.48297587,-2.199752
0.2024393611413101,-1.303588717536631,-0.9926788876279976,0.20159055,-1.3017383,-0.97785574
0.3094723832560785,-0.0518429599688844,0.9048311984573746,0.3162144,-0.051275946,0.88999504
0.2026273363964781,0.3329919193191797,-0.9083451060242022,0.20584036,0.3292123,-0.90835595
0.2024393611413101,-1.303588717536631,-0.9926788876279976,0.20159055,-1.3017383,-0.97785574
-1.9857334464928411,-0.484893412407306,-2.215518720883015,-1.979409,-0.48297587,-2.199752
-2.081030763738692,0.0091132705609736,-0.9505119968261,-2.0695,0.025282457,-0.9406173
0.5786584910264272,-0.3485836582951384,0.6096629628440963,0.55712044,-0.3543213,0.6268408
-0.3562735761340631,-1.7501404600112933,-0.3601755255995402,-0.35511294,-1.7373544,-0.33090305
1.2156077646761765,0.0930767600510916,0.9891649800611702,1.2122332,0.10153282,0.9916142
-0.8694819753243683,-0.105026324874296,-0.1915079623919492,-0.86548823,-0.08925674,-0.19464383
0.239573742207419,-0.018715816854753,-0.6131768704109208,0.22455156,-0.011213675,-0.60463566
-1.985435199804674,0.2518669137017295,-0.3180086347976425,-1.9660615,0.24320102,-0.33545133
-0.1443179207895172,0.1793802176413217,-0.3180086347976425,-0.14394581,0.16756955,-0.32922608
1.325394764457715,-0.5000077824441818,0.3144947272308149,1.3225948,-0.48163104,0.2975837
0.3094723832560785,-0.0518429599688844,0.9048311984573746,0.3162144,-0.051275946,0.88999504
-1.9857334464928411,-0.484893412407306,-2.215518720883015,-1.979409,-0.48297587,-2.199752
0.9797529926203732,0.5567370804615919,-0.0650072899862589,0.98511636,0.52439934,-0.059107766
-1.985435199804674,0.2518669137017295,-0.3180086347976425,-1.9660615,0.24320102,-0.33545133
0.2568046161466148,1.0172660559363758,1.6638352328915254,0.24561712,1.0233631,1.664715
-0.3325285307608697,0.3067432080459878,1.7903359052972156,-0.31742936,0.29560408,1.7883555
1.325394764457715,-0.5000077824441818,0.3144947272308149,1.3225948,-0.48163104,0.2975837
0.5830634787096943,0.3489756529280555,-0.5288430888071284,0.0074907676,-0.26929188,-0.53145903
0.9797529926203732,0.5567370804615919,-0.0650072899862589,0.98511636,0.52439934,-0.059107766
0.2568046161466148,1.0172660559363758,1.6638352328915254,0.24561712,1.0233631,1.664715
-1.9857334464928411,-0.484893412407306,-2.215518720883015,-1.979409,-0.48297587,-2.199752
-1.985435199804674,0.2518669137017295,-0.3180086347976425,-1.9660615,0.24320102,-0.33545133
0.9424333069675356,1.7336297650420915,-0.5288430888071284,0.93285054,1.7320364,-0.5313797
0.3094723832560785,-0.0518429599688844,0.9048311984573746,0.3162144,-0.051275946,0.88999504
-0.3325285307608697,0.3067432080459878,1.7903359052972156,-0.31742936,0.29560408,1.7883555
-0.1930318102188625,-1.378780271126029,-0.1071741807881566,-0.21076228,-1.4010643,-0.12418109
1.325394764457715,-0.5000077824441818,0.3144947272308149,1.3225948,-0.48163104,0.2975837
0.7295589439744146,-0.8762567137464611,1.916836577702909,0.7354451,-0.8531389,1.9002335
0.3094723832560785,-0.0518429599688844,0.9048311984573746,0.3162144,-0.051275946,0.88999504
-1.9857334464928411,-0.484893412407306,-2.215518720883015,-1.9823312,-0.48792934,-2.209419
1.8420303208297435,0.396288852094476,-0.3601755255995402,1.844837,0.38886198,-0.3624569
1.8420303208297435,0.396288852094476,-0.3601755255995402,1.844837,0.38886198,-0.3624569
0.9424333069675356,1.7336297650420915,-0.5288430888071284,0.91918695,1.7327837,-0.5294898
-0.6463810425440487,0.1358291421737789,-0.9083451060242022,-0.6358291,0.13715802,-0.896844
1.325394764457715,-0.5000077824441818,0.3144947272308149,1.3158716,-0.48780987,0.2947422
0.5830634787096943,0.3489756529280555,-0.5288430888071284,0.5853683,0.3524687,-0.5258123
-0.6463810425440487,0.1358291421737789,-0.9083451060242022,-0.6358291,0.13715802,-0.896844
0.2024393611413101,-1.303588717536631,-0.9926788876279976,0.20817687,-1.298339,-0.9838654
1.3596822162214481,-0.5175554015550806,0.2633807131484484,0.9333325,-0.42825195,0.5869072
-0.3325285307608697,0.3067432080459878,1.7903359052972156,-0.31531537,0.29747504,1.7881138
-0.1443179207895172,0.1793802176413217,-0.3180086347976425,-0.1483548,0.17516434,-0.3218795
0.239573742207419,-0.018715816854753,-0.6131768704109208,0.22793034,-0.0033024135,-0.6091966
0.7295589439744146,-0.8762567137464611,1.916836577702909,0.73656934,-0.8607845,1.8987021
0.2026273363964781,0.3329919193191797,-0.9083451060242022,0.20406912,0.3344338,-0.913485
0.7295589439744146,-0.8762567137464611,1.916836577702909,0.73656934,-0.8607845,1.8987021
-0.1443179207895172,0.1793802176413217,-0.3180086347976425,-0.1483548,0.17516434,-0.3218795
-0.3562735761340631,-1.7501404600112933,-0.3601755255995402,-0.3533296,-1.7487346,-0.3398748
-0.1930318102188625,-1.378780271126029,-0.1071741807881566,-0.21710387,-1.3979602,-0.12503672
0.5786584910264272,-0.3485836582951384,0.6096629628440963,0.56307936,-0.34977928,0.6222844
0.9424333069675356,1.7336297650420915,-0.5288430888071284,0.91918695,1.7327837,-0.5294898
-2.081030763738692,0.0091132705609736,-0.9505119968261,-2.0636811,0.0070997663,-0.943212
1.325394764457715,-0.5000077824441818,0.3144947272308149,1.3158716,-0.48780987,0.2947422
0.7295589439744146,-0.8762567137464611,1.916836577702909,0.73656934,-0.8607845,1.8987021
0.7295589439744146,-0.8762567137464611,1.916836577702909,0.73656934,-0.8607845,1.8987021
0.239573742207419,-0.018715816854753,-0.6131768704109208,0.22793034,-0.0033024135,-0.6091966
1.8420303208297435,0.396288852094476,-0.3601755255995402,1.844837,0.38886198,-0.3624569
-0.8694819753243683,-0.105026324874296,-0.1915079623919492,-0.86268157,-0.09154109,-0.19202363
0.5830634787096943,0.3489756529280555,-0.5288430888071284,0.5853683,0.3524687,-0.5258123
0.9424333069675356,1.7336297650420915,-0.5288430888071284,0.91918695,1.7327837,-0.5294898
-0.3325285307608697,0.3067432080459878,1.7903359052972156,-0.31531537,0.29747504,1.7881138
0.239573742207419,-0.018715816854753,-0.6131768704109208,0.22793034,-0.0033024135,-0.6091966
1.2156077646761765,0.0930767600510916,0.9891649800611702,1.2061968,0.100240074,0.9888974
-0.1930318102188625,-1.378780271126029,-0.1071741807881566,-0.21710387,-1.3979602,-0.12503672
0.9424333069675356,1.7336297650420915,-0.5288430888071284,0.91918695,1.7327837,-0.5294898
-1.985435199804674,0.2518669137017295,-0.3180086347976425,-1.9710524,0.24942105,-0.32542998
-0.3924403201656704,-1.5004103977846484,-0.2758417439957447,-0.38346457,-1.4856691,-0.27800527
-0.3924403201656704,-1.5004103977846484,-0.2758417439957447,-0.38346457,-1.4856691,-0.27800527
0.2568046161466148,1.0172660559363758,1.6638352328915254,0.24506788,1.0228138,1.6654743
-0.3425837634868112,0.362391502629001,1.7780828727376805,-0.31084156,0.25050604,1.7885258
-2.0317759663832975,-0.44214244619244203,-2.18353740040812,-1.5591463,-0.28370968,-1.4899981
-2.081030763738692,0.0091132705609736,-0.9505119968261,-2.0636811,0.0070997663,-0.943212
0.7295589439744146,-0.8762567137464611,1.916836577702909,0.73656934,-0.8607845,1.8987021
0.239573742207419,-0.018715816854753,-0.6131768704109208,0.22793034,-0.0033024135,-0.6091966
0.7295589439744146,-0.8762567137464611,1.916836577702909,0.73656934,-0.8607845,1.8987021
-0.4207629164363726,2.95634767709298,1.4530007788820396,-0.4195599,2.9370427,1.4632293
0.5786584910264272,-0.3485836582951384,0.6096629628440963,0.56307936,-0.34977928,0.6222844
-0.1930318102188625,-1.378780271126029,-0.1071741807881566,-0.21710387,-1.3979602,-0.12503672
0.7295589439744146,-0.8762567137464611,1.916836577702909,0.73656934,-0.8607845,1.8987021
-1.9857334464928411,-0.484893412407306,-2.215518720883015,-1.9823312,-0.48792934,-2.209419
-0.6463810425440487,0.1358291421737789,-0.9083451060242022,-0.6358291,0.13715802,-0.896844
-1.985435199804674,0.2518669137017295,-0.3180086347976425,-1.9710524,0.24942105,-0.32542998
0.2024393611413101,-1.303588717536631,-0.9926788876279976,0.20817687,-1.298339,-0.9838654
-0.9443139098195347,-0.15117064696905938,-0.11844901905593275,-0.21437119,-0.090518564,-0.022301039
0.7295589439744146,-0.8762567137464611,1.916836577702909,0.73656934,-0.8607845,1.8987021
0.239573742207419,-0.018715816854753,-0.6131768704109208,0.22793034,-0.0033024135,-0.6091966
0.9797529926203732,0.5567370804615919,-0.0650072899862589,0.98632514,0.52518135,-0.056210198
1.325394764457715,-0.5000077824441818,0.3144947272308149,1.3158716,-0.48780987,0.2947422
0.2568046161466148,1.0172660559363758,1.6638352328915254,0.24506788,1.0228138,1.6654743
0.7295589439744146,-0.8762567137464611,1.916836577702909,0.73656934,-0.8607845,1.8987021
-2.081030763738692,0.0091132705609736,-0.9505119968261,-2.0636811,0.0070997663,-0.943212
0.3094723832560785,-0.0518429599688844,0.9048311984573746,0.31985092,-0.053436134,0.89969486
-0.6463810425440487,0.1358291421737789,-0.9083451060242022,-0.6358291,0.13715802,-0.896844
0.7295589439744146,-0.8762567137464611,1.916836577702909,0.73656934,-0.8607845,1.8987021
-0.1443179207895172,0.1793802176413217,-0.3180086347976425,-0.1483548,0.17516434,-0.3218795
-0.3924403201656704,-1.5004103977846484,-0.2758417439957447,-0.38346457,-1.4856691,-0.27800527
0.2026273363964781,0.3329919193191797,-0.9083451060242022,0.20406912,0.3344338,-0.913485
-1.985435199804674,0.2518669137017295,-0.3180086347976425,-1.9710524,0.24942105,-0.32542998
-2.081030763738692,0.0091132705609736,-0.9505119968261,-2.0636811,0.0070997663,-0.943212
-0.1443179207895172,0.1793802176413217,-0.3180086347976425,-0.1483548,0.17516434,-0.3218795
0.2024393611413101,-1.303588717536631,-0.9926788876279976,0.20817687,-1.298339,-0.9838654
-0.1443179207895172,0.1793802176413217,-0.3180086347976425,-0.1483548,0.17516434,-0.3218795
-0.1930318102188625,-1.378780271126029,-0.1071741807881566,-0.21710387,-1.3979602,-0.12503672
-1.985435199804674,0.2518669137017295,-0.3180086347976425,-1.9710524,0.24942105,-0.32542998
1.325394764457715,-0.5000077824441818,0.3144947272308149,1.3158716,-0.48780987,0.2947422
-0.3924403201656704,-1.5004103977846484,-0.2758417439957447,-0.38346457,-1.4856691,-0.27800527
-1.985435199804674,0.2518669137017295,-0.3180086347976425,-1.9710524,0.24942105,-0.32542998
-1.9857334464928411,-0.484893412407306,-2.215518720883015,-1.9823312,-0.48792934,-2.209419
0.5830634787096943,0.3489756529280555,-0.5288430888071284,0.5853683,0.3524687,-0.5258123
-0.1930318102188625,-1.378780271126029,-0.1071741807881566,-0.21710387,-1.3979602,-0.12503672
0.9797529926203732,0.5567370804615919,-0.0650072899862589,0.98632514,0.52518135,-0.056210198
1.325394764457715,-0.5000077824441818,0.3144947272308149,1.3158716,-0.48780987,0.2947422
-0.4207629164363726,2.95634767709298,1.4530007788820396,-0.4195599,2.9370427,1.4632293
1.2045309588896365,0.1254509945865653,0.9884826404714053,1.0511066,0.17602722,0.87478715
-0.1930318102188625,-1.378780271126029,-0.1071741807881566,-0.21710387,-1.3979602,-0.12503672
0.5830634787096943,0.3489756529280555,-0.5288430888071284,0.5853683,0.3524687,-0.5258123
0.5830634787096943,0.3489756529280555,-0.5288430888071284,0.5853683,0.3524687,-0.5258123
-2.081030763738692,0.0091132705609736,-0.9505119968261,-2.0636811,0.0070997663,-0.943212
0.5830634787096943,0.3489756529280555,-0.5288430888071284,0.5853683,0.3524687,-0.5258123
-0.1930318102188625,-1.378780271126029,-0.1071741807881566,-0.21710387,-1.3979602,-0.12503672
0.2026273363964781,0.3329919193191797,-0.9083451060242022,0.20406912,0.3344338,-0.913485
-1.985435199804674,0.2518669137017295,-0.3180086347976425,-1.9710524,0.24942105,-0.32542998
0.2026273363964781,0.3329919193191797,-0.9083451060242022,0.20406912,0.3344338,-0.913485
0.5830634787096943,0.3489756529280555,-0.5288430888071284,0.5853683,0.3524687,-0.5258123
0.5830634787096943,0.3489756529280555,-0.5288430888071284,0.5853683,0.3524687,-0.5258123
-0.1443179207895172,0.1793802176413217,-0.3180086347976425,-0.1483548,0.17516434,-0.3218795
-0.6463810425440487,0.1358291421737789,-0.9083451060242022,-0.6358291,0.13715802,-0.896844
-0.3924403201656704,-1.5004103977846484,-0.2758417439957447,-0.38346457,-1.4856691,-0.27800527
0.9424333069675356,1.7336297650420915,-0.5288430888071284,0.91918695,1.7327837,-0.5294898
0.5786584910264272,-0.3485836582951384,0.6096629628440963,0.56307936,-0.34977928,0.6222844
1.2156077646761765,0.0930767600510916,0.9891649800611702,1.2061968,0.100240074,0.9888974
1.2156077646761765,0.0930767600510916,0.9891649800611702,1.2061968,0.100240074,0.9888974
1.8420303208297435,0.396288852094476,-0.3601755255995402,1.844837,0.38886198,-0.3624569
-0.1924592456353298,-1.3937435063202919,-0.1579275760745974,-0.33041447,-1.1075525,-0.25227055
0.3094723832560785,-0.0518429599688844,0.9048311984573746,0.31985092,-0.053436134,0.89969486
-0.8694819753243683,-0.105026324874296,-0.1915079623919492,-0.86268157,-0.09154109,-0.19202363
-2.081030763738692,0.0091132705609736,-0.9505119968261,-2.0636811,0.0070997663,-0.943212
-0.1930318102188625,-1.378780271126029,-0.1071741807881566,-0.21710387,-1.3979602,-0.12503672
0.3094723832560785,-0.0518429599688844,0.9048311984573746,0.31985092,-0.053436134,0.89969486
-0.1930318102188625,-1.378780271126029,-0.1071741807881566,-0.21710387,-1.3979602,-0.12503672
0.5830634787096943,0.3489756529280555,-0.5288430888071284,0.5853683,0.3524687,-0.5258123
-0.6463810425440487,0.1358291421737789,-0.9083451060242022,-0.6358291,0.13715802,-0.896844
0.2026273363964781,0.3329919193191797,-0.9083451060242022,0.20406912,0.3344338,-0.913485
0.5786584910264272,-0.3485836582951384,0.6096629628440963,0.56307936,-0.34977928,0.6222844
-2.081030763738692,0.0091132705609736,-0.9505119968261,-2.0636811,0.0070997663,-0.943212
-2.081030763738692,0.0091132705609736,-0.9505119968261,-2.0636811,0.0070997663,-0.943212
0.2024393611413101,-1.303588717536631,-0.9926788876279976,0.20817687,-1.298339,-0.9838654
0.239573742207419,-0.018715816854753,-0.6131768704109208,0.22793034,-0.0033024135,-0.6091966
1.8420303208297435,0.396288852094476,-0.3601755255995402,1.844837,0.38886198,-0.3624569
0.9424333069675356,1.7336297650420915,-0.5288430888071284,0.91918695,1.7327837,-0.5294898
0.2026273363964781,0.3329919193191797,-0.9083451060242022,0.20406912,0.3344338,-0.913485
-0.3924403201656704,-1.5004103977846484,-0.2758417439957447,-0.38346457,-1.4856691,-0.27800527
0.5786584910264272,-0.3485836582951384,0.6096629628440963,0.56307936,-0.34977928,0.6222844
-1.985435199804674,0.2518669137017295,-0.3180086347976425,-1.9710524,0.24942105,-0.32542998
0.9797529926203732,0.5567370804615919,-0.0650072899862589,0.98632514,0.52518135,-0.056210198
1.325394764457715,-0.5000077824441818,0.3144947272308149,1.3158716,-0.48780987,0.2947422
-0.3325285307608697,0.3067432080459878,1.7903359052972156,-0.31531537,0.29747504,1.7881138
-0.6463810425440487,0.1358291421737789,-0.9083451060242022,-0.6358291,0.13715802,-0.896844
-0.6463810425440487,0.1358291421737789,-0.9083451060242022,-0.6358291,0.13715802,-0.896844
0.3094723832560785,-0.0518429599688844,0.9048311984573746,0.31985092,-0.053436134,0.89969486
0.9645605881777383,1.7961130283942803,-0.4970745316640645,0.31798208,1.0270865,-0.6277157
1.2156077646761765,0.0930767600510916,0.9891649800611702,1.2061968,0.100240074,0.9888974
1.2156077646761765,0.0930767600510916,0.9891649800611702,1.2061968,0.100240074,0.9888974
0.9424333069675356,1.7336297650420915,-0.5288430888071284,0.91918695,1.7327837,-0.5294898
-0.4207629164363726,2.95634767709298,1.4530007788820396,-0.4195599,2.9370427,1.4632293
0.9797529926203732,0.5567370804615919,-0.0650072899862589,0.98632514,0.52518135,-0.056210198
0.9797529926203732,0.5567370804615919,-0.0650072899862589,-0.0569445,0.25512436,-0.8227321
-0.1443179207895172,0.1793802176413217,-0.3180086347976425,-0.1483548,0.17516434,-0.3218795
1.2156077646761765,0.0930767600510916,0.9891649800611702,1.2061968,0.100240074,0.9888974
0.3094723832560785,-0.0518429599688844,0.9048311984573746,0.31985092,-0.053436134,0.89969486
0.5786584910264272,-0.3485836582951384,0.6096629628440963,0.56307936,-0.34977928,0.6222844
-0.3924403201656704,-1.5004103977846484,-0.2758417439957447,-0.38346457,-1.4856691,-0.27800527
1.2156077646761765,0.0930767600510916,0.9891649800611702,1.2061968,0.100240074,0.9888974
-0.1443179207895172,0.1793802176413217,-0.3180086347976425,-0.1483548,0.17516434,-0.3218795
-0.3562735761340631,-1.7501404600112933,-0.3601755255995402,-0.3533296,-1.7487346,-0.3398748
0.9424333069675356,1.7336297650420915,-0.5288430888071284,0.91918695,1.7327837,-0.5294898
-0.3924403201656704,-1.5004103977846484,-0.2758417439957447,-0.38346457,-1.4856691,-0.27800527
0.5830634787096943,0.3489756529280555,-0.5288430888071284,0.5853683,0.3524687,-0.5258123
-1.985435199804674,0.2518669137017295,-0.3180086347976425,-1.9710524,0.24942105,-0.32542998
0.9797529926203732,0.5567370804615919,-0.0650072899862589,0.98632514,0.52518135,-0.056210198
-0.11688097984631086,0.1699966680948991,-0.30410144847491116,-0.05054345,0.07816176,-0.41541228
0.9424333069675356,1.7336297650420915,-0.5288430888071284,0.91918695,1.7327837,-0.5294898
-0.3562735761340631,-1.7501404600112933,-0.3601755255995402,-0.3533296,-1.7487346,-0.3398748
0.2568046161466148,1.0172660559363758,1.6638352328915254,0.24506788,1.0228138,1.6654743
0.3094723832560785,-0.0518429599688844,0.9048311984573746,0.31985092,-0.053436134,0.89969486
-1.985435199804674,0.2518669137017295,-0.3180086347976425,-1.9710524,0.24942105,-0.32542998
-1.9857334464928411,-0.484893412407306,-2.215518720883015,-1.9823312,-0.48792934,-2.209419
0.5830634787096943,0.3489756529280555,-0.5288430888071284,0.5853683,0.3524687,-0.5258123
-0.6463810425440487,0.1358291421737789,-0.9083451060242022,-0.6358291,0.13715802,-0.896844
1.2156077646761765,0.0930767600510916,0.9891649800611702,1.2061968,0.100240074,0.9888974
0.2568046161466148,1.0172660559363758,1.6638352328915254,0.24506788,1.0228138,1.6654743
-0.4207629164363726,2.95634767709298,1.4530007788820396,-0.19884603,0.17764288,0.015699567
1.8420303208297435,0.396288852094476,-0.3601755255995402,1.844837,0.38886198,-0.3624569
-1.9857334464928411,-0.484893412407306,-2.215518720883015,-1.9823312,-0.48792934,-2.209419
-0.6463810425440487,0.1358291421737789,-0.9083451060242022,-0.6358291,0.13715802,-0.896844
0.2024393611413101,-1.303588717536631,-0.9926788876279976,0.1832743,0.09647312,0.0262586
0.2568046161466148,1.0172660559363758,1.6638352328915254,0.24506788,1.0228138,1.6654743
-0.4207629164363726,2.95634767709298,1.4530007788820396,-0.4195599,2.9370427,1.4632293
-0.3325285307608697,0.3067432080459878,1.7903359052972156,-0.31531537,0.29747504,1.7881138
0.239573742207419,-0.018715816854753,-0.6131768704109208,0.22793034,-0.0033024135,-0.6091966
0.5786584910264272,-0.3485836582951384,0.6096629628440963,0.56307936,-0.34977928,0.6222844
-0.1930318102188625,-1.378780271126029,-0.1071741807881566,-0.21710387,-1.3979602,-0.12503672
-0.3325285307608697,0.3067432080459878,1.7903359052972156,-0.31531537,0.29747504,1.7881138
1.325394764457715,-0.5000077824441818,0.3144947272308149,1.3158716,-0.48780987,0.2947422
0.3094723832560785,-0.0518429599688844,0.9048311984573746,0.31985092,-0.053436134,0.89969486
-0.8694819753243683,-0.105026324874296,-0.1915079623919492,-0.86268157,-0.09154109,-0.19202363
0.9424333069675356,1.7336297650420915,-0.5288430888071284,0.91918695,1.7327837,-0.5294898
-0.1930318102188625,-1.378780271126029,-0.1071741807881566,-0.21710387,-1.3979602,-0.12503672
0.9797529926203732,0.5567370804615919,-0.0650072899862589,0.98632514,0.52518135,-0.056210198
-0.3924403201656704,-1.5004103977846484,-0.2758417439957447,-0.38346457,-1.4856691,-0.27800527
0.2026273363964781,0.3329919193191797,-0.9083451060242022,0.20406912,0.3344338,-0.913485
-0.3924403201656704,-1.5004103977846484,-0.2758417439957447,-0.38346457,-1.4856691,-0.27800527
-1.9857334464928411,-0.484893412407306,-2.215518720883015,-1.9823312,-0.48792934,-2.209419
-0.8694819753243683,-0.105026324874296,-0.1915079623919492,-0.86268157,-0.09154109,-0.19202363
-2.081030763738692,0.0091132705609736,-0.9505119968261,-2.0636811,0.0070997663,-0.943212
1.325394764457715,-0.5000077824441818,0.3144947272308149,1.3158716,-0.48780987,0.2947422
0.5786584910264272,-0.3485836582951384,0.6096629628440963,0.56307936,-0.34977928,0.6222844
-0.1930318102188625,-1.378780271126029,-0.1071741807881566,-0.21710387,-1.3979602,-0.12503672
0.7295589439744146,-0.8762567137464611,1.916836577702909,0.73656934,-0.8607845,1.8987021
-0.1443179207895172,0.1793802176413217,-0.3180086347976425,-0.1483548,0.17516434,-0.3218795
0.9749440457742066,0.613138023329057,-0.17904418225485505,1.1993603,0.1723519,-0.04851243
0.7295589439744146,-0.8762567137464611,1.916836577702909,0.73656934,-0.8607845,1.8987021
-0.4695608572421178,2.9108189328969076,1.4809282268457509,-0.232211,2.8785973,1.4719926
1.2156077646761765,0.0930767600510916,0.9891649800611702,1.2061968,0.100240074,0.9888974
-0.4207629164363726,2.95634767709298,1.4530007788820396,-0.4195599,2.9370427,1.4632293
-1.985435199804674,0.2518669137017295,-0.3180086347976425,-1.9710524,0.24942105,-0.32542998
-0.6463810425440487,0.1358291421737789,-0.9083451060242022,-0.6358291,0.13715802,-0.896844
-1.9804834587543139,0.2984088250192559,-0.22812890867592678,-1.8946508,0.20092572,-0.44589013
-0.3325285307608697,0.3067432080459878,1.7903359052972156,-0.31531537,0.29747504,1.7881138
1.325394764457715,-0.5000077824441818,0.3144947272308149,1.3158716,-0.48780987,0.2947422
0.9424333069675356,1.7336297650420915,-0.5288430888071284,0.91918695,1.7327837,-0.5294898
0.9424333069675356,1.7336297650420915,-0.5288430888071284,0.91918695,1.7327837,-0.5294898
0.2568046161466148,1.0172660559363758,1.6638352328915254,0.24506788,1.0228138,1.6654743
-0.6463810425440487,0.1358291421737789,-0.9083451060242022,-0.6358291,0.13715802,-0.896844
0.2568046161466148,1.0172660559363758,1.6638352328915254,0.24506788,1.0228138,1.6654743
0.5830634787096943,0.3489756529280555,-0.5288430888071284,0.5853683,0.3524687,-0.5258123
0.3094723832560785,-0.0518429599688844,0.9048311984573746,0.31985092,-0.053436134,0.89969486
-0.6463810425440487,0.1358291421737789,-0.9083451060242022,-0.6358291,0.13715802,-0.896844
0.9797529926203732,0.5567370804615919,-0.0650072899862589,0.98632514,0.52518135,-0.056210198
-0.6463810425440487,0.1358291421737789,-0.9083451060242022,-0.6358291,0.13715802,-0.896844
-0.1443179207895172,0.1793802176413217,-0.3180086347976425,-0.1483548,0.17516434,-0.3218795
-0.3562735761340631,-1.7501404600112933,-0.3601755255995402,-0.3533296,-1.7487346,-0.3398748
0.2024393611413101,-1.303588717536631,-0.9926788876279976,0.20817687,-1.298339,-0.9838654
0.7295589439744146,-0.8762567137464611,1.916836577702909,0.73656934,-0.8607845,1.8987021
